lead,time_from_QRS_s,high_pointwise_2.5pct,high_pointwise_97.5pct,low_pointwise_2.5pct,low_pointwise_97.5pct,difference_pointwise_2.5pct,difference_pointwise_97.5pct,IG_pointwise_2.5pct,IG_pointwise_97.5pct
I,-0.4,-0.00623137182847131,-0.00012037120495733754,-0.008984430693089962,-0.005484195932513105,0.0008973547854111533,0.008003240635116525,0.00012047171624399726,0.00014488461617226297
I,-0.39,-0.006412640407506842,0.0007177764197990647,-0.011079628253355622,-0.007695318289916032,0.0021879635169170797,0.010814097613183546,0.00012171428824695267,0.00014582901040067348
I,-0.38,-0.004464253317564726,0.0009360759180708553,-0.01158108003437519,-0.007600606142659673,0.004553384796599858,0.01178105193430383,0.00011805660843457659,0.0001365526583490092
I,-0.37,-0.0028149824764113875,0.003371449222322552,-0.012738237495068461,-0.008871501582325438,0.0071194209682289514,0.014415443870529997,0.00011263475840114696,0.00012771036017530243
I,-0.36,-0.002901897316769464,0.0017932073344127182,-0.013032070477493107,-0.010244619334116578,0.008452544370993565,0.013947953592651174,0.00011076247769692669,0.00012687639093025298
I,-0.35,-0.004429258406162262,0.00226354761980474,-0.01417966156732291,-0.01039813035167754,0.007681239114026539,0.01527868474531715,0.00011804214056669264,0.00014027059520752024
I,-0.34,-0.0018812626163708045,0.004225240199593827,-0.014591901953099295,-0.010961215978022664,0.00993593098319252,0.017512043886563328,0.00011486194673244504,0.00013414782207934434
I,-0.33,-0.003126733673707349,0.002643806673586368,-0.016132961492985487,-0.01190158724784851,0.009467237698845565,0.01697376379797788,0.00010944670630320563,0.00012770258152267752
I,-0.32,-0.0017854447134595828,0.004602172877639532,-0.016105761751532555,-0.012902284041047096,0.012259872377035208,0.01896606321170111,0.00011049896087340763,0.0001280099021519424
I,-0.31,-0.0005728655407438055,0.0031101356726139784,-0.01762390322983265,-0.013741532739368269,0.013779719519834543,0.019432920039253076,0.00010566597924472742,0.00012326738699506426
I,-0.3,-0.0004927406816932488,0.0044254456021007955,-0.017166483821347354,-0.013916082167997957,0.014438784425891527,0.02083708983118412,0.00010971473485227902,0.00012556890625957395
I,-0.29,0.0010259964226861486,0.005592234930372795,-0.018216798186767847,-0.015474861342227086,0.01745451954193413,0.022907692939043045,0.00010310432567224038,0.0001186819401236523
I,-0.28,0.00019717576942639427,0.004817210440523921,-0.018024980276823043,-0.014620677317725494,0.01653002280581859,0.02189792573626619,0.00010122813029094286,0.00011546472189507555
I,-0.27,-0.0003210138835129328,0.0041185705922544,-0.018234216357814147,-0.014972632809076458,0.015785635848442326,0.021114474500063804,9.695695354055825e-05,0.00011107246308218414
I,-0.26,-0.001508101006038487,0.0033062464031900106,-0.017986146733164787,-0.01442660961765796,0.013776349947147538,0.020026516304460524,9.717247626998237e-05,0.00011198953445820567
I,-0.25,-0.0016636963557630224,0.00308750813419465,-0.01788686805521138,-0.014393648249097168,0.014075380960821348,0.02005624801968224,9.466203147167506e-05,0.00010885957499268694
I,-0.24,-0.001091673388145864,0.0034325756918406037,-0.017649456800427288,-0.014581757516134532,0.01462471673771688,0.020175453175761502,9.523659226756806e-05,0.00011007741664327893
I,-0.23,-0.0008043868107051821,0.0026285040290531395,-0.017908859066665173,-0.015193137107416987,0.015313470629644143,0.019920198920863184,9.296973588967955e-05,0.00010741930406276391
I,-0.22,-0.0011222785076824948,0.004400120771606451,-0.016097962216008455,-0.013214481004979461,0.01334215087335906,0.019251920438546215,9.690645274369283e-05,0.00011057937424241124
I,-0.21,-0.0003506650140479904,0.003722871205536648,-0.01594284065067768,-0.012485885061323643,0.013246264464396518,0.018836462980834766,9.675221187853188e-05,0.00011327189402790465
I,-0.2,0.0002549571163399379,0.004592262799269519,-0.013331170403398573,-0.009715816128300508,0.011276029144937638,0.016732979912194423,9.287700354907896e-05,0.00010539871640699789
I,-0.19,0.0009215563964971807,0.00540582404937595,-0.011573522922117264,-0.0075280736782588065,0.009205588145414367,0.015648562571732326,9.529752883691642e-05,0.00011033424427276759
I,-0.18,0.0002828075521392748,0.004857766395434734,-0.0061616189777851105,-0.0009765913655428453,0.0029774911476124545,0.00996802888039383,9.694889583584936e-05,0.0001099735514032443
I,-0.17,0.0021499022550415248,0.006271852646023035,-0.0008750939188757911,0.004128411342026083,-0.0009506905837042722,0.005857054489024448,9.630953537491343e-05,0.00011098928576809493
I,-0.16,0.003358191344887018,0.007879568441421724,0.005597485153703019,0.013243584893643856,-0.00792206305777654,0.00029106434521963565,9.459567719682306e-05,0.000107606388765643
I,-0.15,0.004176783998264,0.00896439418720547,0.012089185509830713,0.01793549044523388,-0.012082277894660366,-0.005321927554905418,9.326472098265496e-05,0.00010592011293879978
I,-0.14,0.0036537371437589173,0.008805994875729084,0.016028503142297267,0.02084022860508412,-0.016299158817855642,-0.009266144386492675,9.12949549406973e-05,0.00010563061185333147
I,-0.13,0.0030136273708194494,0.00861369206759263,0.012751388433389365,0.018253611979889683,-0.014120953348174226,-0.006434824830648741,8.799368645119395e-05,0.00010420346838592284
I,-0.12,-0.0007549732079496607,0.004614881280576805,0.0066604045554413465,0.014385589226731093,-0.012101273536609369,-0.003621759895759169,8.436661841317088e-05,9.853393410116413e-05
I,-0.11,-0.0040435396011162085,0.0009406235534697771,-0.007434553149505518,-0.0007354477420449257,-0.0018463538428477478,0.007001823507016524,8.11790051887349e-05,9.549701638823941e-05
I,-0.1,-0.0063069828960578885,-0.0004819139445317013,-0.018666129559278488,-0.013084361067740254,0.008593272347934545,0.01668362597702071,7.28633016124266e-05,8.31172675570767e-05
I,-0.09,-0.008220642805099487,-0.003084968990879141,-0.027396379166748374,-0.02278096297523007,0.01587417263071984,0.022303752557854748,6.967955107546236e-05,8.008478636485489e-05
I,-0.08,-0.011874546797480434,-0.005996430300729117,-0.033205073326826096,-0.02875906601548195,0.018431787798181175,0.025834727949404623,7.376785766263209e-05,8.443668893469354e-05
I,-0.07,-0.015392263955436646,-0.009727097116410732,-0.03790982598438859,-0.033522024110425264,0.020187077339505775,0.02710156608955003,7.271389323132255e-05,8.611914204480973e-05
I,-0.06,-0.017344171414151788,-0.011082646483555437,-0.03924496076069772,-0.03493628350552171,0.019973612966714425,0.02672611399902962,7.85060088444038e-05,9.221583251207655e-05
I,-0.05,-0.017175027064513414,-0.008085889741778374,-0.041784588783048096,-0.03843323026085273,0.023109476664103568,0.03244767984506325,9.424480929472599e-05,0.00012168043003765055
I,-0.04,-0.011748734521097504,-0.003418385233453593,-0.040195748279802504,-0.03532172025879845,0.02500166492536664,0.03484866163198603,0.0001405356109684652,0.00018111372875073331
I,-0.03,-0.001988308146246709,0.026110988133586942,-0.04897681092843413,-0.04353677150793374,0.04325492313364521,0.07279556054854765,0.0002371100554840249,0.0003391924554754896
I,-0.02,0.058318541804328564,0.10412252135574818,0.045406548958271745,0.06820462802425027,-0.0035382397240027786,0.04879906680434942,0.00038359361114659806,0.0005064330615957368
I,-0.01,0.20922666788101196,0.25902074575424194,0.37996585927903653,0.4336904397234321,-0.21417806567624212,-0.13821157813072205,0.0005753195269623722,0.0006809144169016298
I,0.0,0.26105988323688506,0.33747848868370056,0.6023321747779846,0.6541587047278881,-0.3770734813995659,-0.2869244500994682,0.0008711565177158338,0.0010697365316677733
I,0.01,0.12679483741521835,0.16755510866641998,0.2782915532588959,0.35039126276969906,-0.20973349222913384,-0.12373420149087914,0.0004187178055835546,0.0005609065874269604
I,0.02,-0.0010694185344618744,0.042154692113399506,-0.01486158324405551,0.014128190733026687,-0.0026856913245865144,0.04580593023565597,0.00014380831538429235,0.00018464239372039737
I,0.03,-0.02720844274153933,-0.012012455938383945,-0.040093117486685516,-0.026300207152962687,0.0026174375670962036,0.021569642331451172,9.737754202251328e-05,0.00012072635881751801
I,0.04,-0.038872749800793825,-0.031501175928860904,-0.04122583409771323,-0.03173756133764982,-0.004929583054035902,0.0059518722584471105,8.314171959596276e-05,0.00010074909864888253
I,0.05,-0.04089030250906944,-0.03192305016564206,-0.038011898007243874,-0.031816518097184596,-0.007099421648308635,0.004383117239922282,8.041439320088707e-05,9.34585748716048e-05
I,0.06,-0.041581319319084285,-0.03505268839653582,-0.0406867666170001,-0.03547219205647708,-0.004714486864395439,0.0032257320126518555,7.408142914849224e-05,8.605350562141675e-05
I,0.07,-0.041516480362042786,-0.033504631370306015,-0.038854144513607025,-0.0349564703181386,-0.004457048792392016,0.00428098100237548,7.465432592082583e-05,8.620050859580411e-05
I,0.08,-0.04170710875187069,-0.03626681354362518,-0.03874516154173761,-0.03201693326700479,-0.007986366585828363,0.0011952136643230888,7.469003502519123e-05,8.629281490335888e-05
I,0.09,-0.040777946915477516,-0.034249916940461846,-0.036156009696424005,-0.0301023218780756,-0.008853740082122386,4.898011684415337e-06,7.942078315662195e-05,9.056991103002185e-05
I,0.1,-0.03874946688301861,-0.029539796384051447,-0.03392568030394614,-0.02705017188563943,-0.010186818707734347,0.0020991543191484943,7.696840721757956e-05,8.684107795739529e-05
I,0.11,-0.03886593191418797,-0.02720972113311291,-0.029372664366383104,-0.024251069012098014,-0.01215614665998146,0.0004666527849622037,8.160350034775337e-05,9.325299030746203e-05
I,0.12,-0.03548334408551455,-0.027158114966005086,-0.027486718120053412,-0.022090849443338813,-0.011902890028432011,-0.0018420789740048356,8.334271354870622e-05,9.587381136031525e-05
I,0.13,-0.035320167802274226,-0.025342850014567375,-0.02174065262079239,-0.017713000904768707,-0.01585183982970193,-0.005175027484074235,8.195842431474108e-05,9.321389195427862e-05
I,0.14,-0.033662204584106806,-0.023561056703329086,-0.019125518563669175,-0.012890075711766258,-0.018864569492870943,-0.0071217804565094425,8.93608668885523e-05,0.00010126467572046255
I,0.15,-0.03364072716794908,-0.021922504797112198,-0.010427017405163497,-0.0037566300597973185,-0.027316181038622746,-0.013305797195062046,9.200697455868354e-05,0.0001059409038619917
I,0.16,-0.029146002721972764,-0.020495652221143246,-0.004144412058667513,0.004672439964542711,-0.03133557215332985,-0.018099606933537873,9.78843915315429e-05,0.00011088021940042132
I,0.17,-0.02545032458147034,-0.01673412761301734,0.005073265856481157,0.013913894735742355,-0.03717855558497831,-0.024192558604409,0.00010560547509211074,0.00012092180907412912
I,0.18,-0.0208736754997517,-0.011604440072551375,0.014231203612871468,0.022806590958498407,-0.04121277570957318,-0.029184891970362514,0.00011340944242740423,0.000132373402699468
I,0.19,-0.014888586080633103,-0.0022865193895995617,0.02525800373405218,0.036482041631825265,-0.047760102406027724,-0.03028853669366072,0.0001221915298362646,0.00014374281146188383
I,0.2,-0.00768984598107636,0.006917832727776833,0.03880105260759592,0.05085499831475317,-0.05391924461600865,-0.03722446688334458,0.00013490954654035454,0.00015910927983401026
I,0.21,-0.003639467842003796,0.012216315406840277,0.05035939812660217,0.06560324407182633,-0.06460222855093889,-0.04358056843775559,0.00014408611889942232,0.00017206932431447614
I,0.22,0.0004357991660072003,0.01507403925061224,0.06442753225564957,0.08033771067857742,-0.07611393841798417,-0.0545187095158326,0.0001538533587430285,0.0001794136375997903
I,0.23,0.0026156250052736143,0.018931549624539912,0.07639182358980179,0.09050831529311834,-0.08005629347171635,-0.06008801308344119,0.00015512022486271508,0.00018255258779042592
I,0.24,0.005427153437631205,0.020520316378679113,0.08092120802029967,0.09372023865580559,-0.08389686711079776,-0.06314840038539843,0.000159617736681445,0.00018439757721382295
I,0.25,0.007598833169322461,0.019879531709011633,0.07807144499383867,0.09689149139449,-0.08433122044079937,-0.06241688527516089,0.00015379043394370912,0.0001829900476816923
I,0.26,0.010086492841946893,0.020586002618074417,0.07527041435241699,0.09177563646808266,-0.07619883643928915,-0.05724770937813446,0.0001531810297360995,0.00018402051878949863
I,0.27,0.012701227667275817,0.01988101996248588,0.07332158051431178,0.0834842249751091,-0.06837355160387233,-0.05456824298016727,0.00014209580938375472,0.00017285230202920037
I,0.28,0.011456995271146297,0.01881212224252522,0.056364135816693306,0.07084256410598755,-0.05455038427026011,-0.03987583949929104,0.00013488286809674131,0.00016063895255668325
I,0.29,0.00980742198880762,0.01972303793299943,0.0392599577549845,0.055055021494626995,-0.04121577059850097,-0.022197054105345164,0.00013214642249295843,0.0001612328735100368
I,0.3,0.009710760790039786,0.017159678880125283,0.02448069810634479,0.037161938613280654,-0.0253203480882803,-0.010030228877440097,0.00012945721723056996,0.0001606936613574165
I,0.31,0.007288475250243209,0.015609013434732328,0.013421132229268551,0.021921069407835603,-0.012894181231968106,-0.0009416444809176069,0.0001225239915327064,0.00015812845902915155
I,0.32,0.006996298384910915,0.01409493014216423,0.0041574586648494005,0.013124533079098904,-0.0029574623273219912,0.007826460717478766,0.00011601032100841151,0.00014041495014666493
I,0.33,0.006986770546063781,0.011028268514201038,-0.0011169854667969045,0.004383850377053022,0.003714913486419391,0.011289685163501413,0.00010867686062268172,0.0001301411374212083
I,0.34,0.0033350442827213556,0.011126594495726746,-0.004208003310486675,-0.0004871193284088806,0.005537946281583573,0.01374659105640603,0.00010993246920635723,0.00013566046901623493
I,0.35,0.0014819291536696255,0.008824400801677255,-0.00828635785728693,-0.004163469083141536,0.00713857795635704,0.015901998442132022,0.00010203872521281318,0.00013407311077496916
I,0.36,0.00025314809390692973,0.0081857991463039,-0.011393989436328411,-0.00729691511951387,0.008723718189867214,0.017986018827650687,9.934021238454429e-05,0.00011655584207188528
I,0.37,-0.00025712790957186363,0.00464040558435954,-0.012794675934128464,-0.009224849753081799,0.010285442568419966,0.016730647068470713,9.711843542915537e-05,0.0001165305993157699
I,0.38,-0.00037630639344570226,0.0038709760381607323,-0.014542339497711509,-0.01100671426393092,0.011892536832874612,0.017492519422376063,9.764384546997379e-05,0.00011892312168491186
I,0.39,-0.0016409725270932537,0.005178697215160352,-0.014348279219120741,-0.010810002396465282,0.010771075219963677,0.018593071692157535,9.653592212276822e-05,0.00011909360450222128
I,0.4,-0.0012282358948141336,0.004604100249707699,-0.015427056851331144,-0.01187961264513433,0.011887934377591591,0.018824488131213,9.843519522502027e-05,0.0001235210874634046
I,0.41,-0.002035698055260582,0.004492453241255132,-0.015250005503185093,-0.011693029466550797,0.010971298367076087,0.018502372814691623,9.930525139878859e-05,0.00012357578255183085
I,0.42,-0.0030417905654758215,0.0024238315614638806,-0.015460015938151628,-0.011391772940987721,0.00929202432744205,0.016157485700387043,0.0001036402458549325,0.0001214539180885592
I,0.43,-0.0024200896499678493,0.0021909553295699825,-0.015338807692751288,-0.010977247706614434,0.010100884164421587,0.016173337655709472,0.00010803153962234056,0.0001298931806231707
I,0.44,-0.002435778616927564,0.0027356492937542494,-0.01500074063660577,-0.010945358133176342,0.009822238486958668,0.01634744303026991,0.00011351257921176833,0.00014572491752630357
I,0.45,-0.0029340736888116225,0.0016339718880772122,-0.014178293757140636,-0.010952809195441662,0.009102907007036264,0.014938627605442888,0.00011156054671707136,0.0001375001725526248
I,0.46,-0.0038883323344634847,0.0009927739138220198,-0.014723946002777665,-0.010917052987497303,0.008513524965383112,0.01482017216803797,0.00011432088293108839,0.00014187276856804327
I,0.47,-0.004596011014655232,0.0017297229082032571,-0.014819530211389065,-0.01067979489453137,0.007855923217721283,0.015190087111113824,0.00011764319635022664,0.0001516168702627038
I,0.48,-0.004556728748138994,0.0008001652087841643,-0.015319106291281059,-0.01041875964147039,0.007030757330358029,0.01509338592750282,0.00012308026593099255,0.00015822605574551034
I,0.49,-0.007574609515722841,-0.001978815844267956,-0.014597465377300977,-0.010276306816376746,0.0036540851811878382,0.01144349216742739,0.00012371258846052567,0.00015572794332737082
I,0.5,-0.008263475569401635,-0.002198624197626498,-0.015642277634469792,-0.011478880583308638,0.004759558674413711,0.012242375068308319,0.00011907594638024432,0.00014147214168056988
I,0.51,-0.010042671323753893,-0.002438017745589608,-0.016045684134587644,-0.012144326552515851,0.0033613838662859053,0.0122060005502135,0.00012064738266588883,0.00014958978987351967
I,0.52,-0.007087628761655651,-0.0006620197287702482,-0.016479933803202583,-0.011912853457033634,0.006878557513482519,0.014510082709239213,0.0001274994812709701,0.00016516752809795924
I,0.53,-0.0060244609805522485,0.0010279346362949578,-0.015415124595165253,-0.011835295357741419,0.006884463946335018,0.01492215055695851,0.00013143696983441505,0.0001693195351426609
I,0.54,-0.007211642904439941,-0.0007350781044806386,-0.017918871075380594,-0.013532635755836964,0.00790720316581428,0.016043282009150058,0.00013452388307119906,0.0001643190182263442
I,0.55,-0.007024541002465412,-0.0008155179602908906,-0.016595696611329914,-0.012862120056524873,0.007272956590895774,0.01506175286194775,0.00013924565069698642,0.00017405472232303636
I,0.56,-0.007648080587387085,-0.001727258698883817,-0.018635265785269438,-0.01394543467322365,0.008573301383148647,0.01535896118803066,0.00013522359987920194,0.00016828815600609717
I,0.57,-0.008077330817468465,-0.0013364286336582164,-0.018114320538006722,-0.013581342063844204,0.0074801308161113415,0.015337867915513911,0.00013198781611704623,0.00017166814746894822
I,0.58,-0.007998274639248848,-0.0007081851872499113,-0.01866306457668543,-0.013775085314409808,0.007871517339663115,0.016188781072378332,0.00013820287613410112,0.00018133173562268415
I,0.59,-0.006887263333192095,-5.2211866841389906e-05,-0.01800692215329036,-0.013131039682775736,0.007156683575885836,0.01565932407729633,0.00013437723546340038,0.00017612044007261267
II,-0.4,-0.00401993122541171,0.003551918314769864,-0.005098903086036444,-0.001436506339814514,-0.0014720709237735718,0.007206269894959402,8.798144990384496e-05,0.00010219044434882563
II,-0.39,-0.0016253567882813513,0.004983492946485054,-0.0070758351415861395,-0.003940514363057447,0.0035740672727115454,0.010877036144665907,8.237022908344323e-05,9.511317491678534e-05
II,-0.38,-0.001338463043794036,0.00545696067274548,-0.008609256451018154,-0.005041632986831246,0.005305194787797518,0.013277497823582961,8.571814777989429e-05,9.875640255859272e-05
II,-0.37,-0.0010479199525434523,0.006013785838149486,-0.009103982709348202,-0.006280232209246607,0.0061593892118708025,0.013792592388927001,8.185471777336712e-05,9.305331338134086e-05
II,-0.36,-0.00024762385692156386,0.006880207773065192,-0.008711477962788195,-0.00629362526233308,0.007095958994318608,0.01450977122876793,8.20812486690076e-05,9.592912441252203e-05
II,-0.35,7.827821409591714e-05,0.007471830182475969,-0.010820098291151225,-0.008046115981414914,0.009732231466841768,0.017236924287863074,8.49454826496804e-05,9.884271818209676e-05
II,-0.34,0.0004689976340159774,0.006782572076190253,-0.011234379839152098,-0.008076272328617053,0.00996244614580064,0.016630047871149144,8.397322696955245e-05,9.967141257173717e-05
II,-0.33,0.0003143355905194767,0.006715706083923578,-0.012748642824590206,-0.009562309159082362,0.01080722197830255,0.01815235402318649,7.901662501857085e-05,9.337055423581484e-05
II,-0.32,0.000532223895243078,0.0060442785324994475,-0.013149265851825475,-0.010103556409012527,0.011396378295012255,0.017701658408623186,8.112106611271437e-05,9.72248241914344e-05
II,-0.31,0.00026927608996629715,0.005216072034090752,-0.014868173014838249,-0.010629530576989055,0.012253377825254574,0.018308178024017248,7.352968273451113e-05,8.53691128573341e-05
II,-0.3,-0.0006871408790175337,0.005897374555934218,-0.014190449111629278,-0.011590732401236892,0.012493335053295595,0.01905653302383143,7.129342193369912e-05,8.243272568087916e-05
II,-0.29,0.0016556246016989462,0.007654996868222949,-0.0161666385945864,-0.013074254512321203,0.016006278891291005,0.0225695625613298,7.094119702602245e-05,8.317470258208683e-05
II,-0.28,0.00296084556975984,0.008507976893451995,-0.016413839999586344,-0.012634134257677943,0.016818783414782955,0.023429120544460596,6.662885964297069e-05,7.802138098311926e-05
II,-0.27,0.001972318088519387,0.009095818502828479,-0.017275983467698097,-0.014301622286438942,0.016940237505572497,0.025339395072660406,6.292652629901064e-05,7.197991548721528e-05
II,-0.26,0.001947469564038329,0.008285352028906345,-0.017405048554064707,-0.013975870225112886,0.017261787969619035,0.02474876295600552,6.435601572776653e-05,7.401839383265333e-05
II,-0.25,0.0005662714531354141,0.007625651678245044,-0.018084725365042686,-0.015226092701777817,0.017068482412287266,0.024627091901493255,6.409955076953917e-05,7.394129568268645e-05
II,-0.24,0.0011285875938483515,0.007064510189229619,-0.016601039934903382,-0.01355232222704217,0.015768998552812264,0.02258326634764671,6.364719370451179e-05,7.380916159895875e-05
II,-0.23,0.0003713820333359763,0.007035858675953931,-0.015711285709403455,-0.01179459597915411,0.013564632690395229,0.021429379141773095,6.374459690297012e-05,7.333697350686676e-05
II,-0.22,0.0027735894766919957,0.010740527650341392,-0.014456799253821373,-0.01071396504994482,0.014741442096419633,0.024118037772132082,7.00883992848313e-05,8.215503719613584e-05
II,-0.21,0.0032529002099181527,0.010251163505017757,-0.013104169632424601,-0.007608008570969105,0.013219559314893558,0.02137825000681914,6.755918098928193e-05,7.67437638695703e-05
II,-0.2,0.005406844260869548,0.012236694921739394,-0.009013781254179776,-0.0026347378734499216,0.009711639015586115,0.018890490068588405,7.367610289530234e-05,8.493482202822526e-05
II,-0.19,0.0055304917535977435,0.014433416537940502,-0.0023814477171981707,0.005640868563205004,0.001919768272273359,0.013176467103039602,7.027940783171783e-05,7.898063577818508e-05
II,-0.18,0.004748520324937999,0.013507077470421791,0.010570866255147849,0.019427030137740074,-0.012147949828067795,-5.1610794616864186e-05,7.530825064923337e-05,8.54252043895053e-05
II,-0.17,0.007093317341059446,0.01506983566796407,0.01947877330239862,0.027071390592027456,-0.017706483404617758,-0.006729323495528662,7.463496724387313e-05,8.433769141240112e-05
II,-0.16,0.004081167942786124,0.016995606943964958,0.02395399659872055,0.03446091217920184,-0.025216031949094032,-0.00938119408674539,7.330866075506218e-05,8.311485063703895e-05
II,-0.15,0.0051179504953324795,0.016046809474937616,0.02749074585735798,0.038720116554759446,-0.030515700659088908,-0.015466048117377798,6.990812178543864e-05,7.877789399956663e-05
II,-0.14,0.0034692472545430064,0.013137711619492605,0.026487339287996292,0.03589092495385557,-0.029886078849085607,-0.015996016171993702,6.786470596462806e-05,7.893735171133453e-05
II,-0.13,-0.0001182933916425099,0.006810733117163181,0.018145867792190983,0.025824969145469362,-0.023073620241484606,-0.012892073404509577,6.368744013222476e-05,7.416126178990808e-05
II,-0.12,-0.006176443327422021,0.000754638749640435,0.0011815339341410436,0.00993241716350894,-0.01373001152605866,-0.0031448804569663502,6.170384778091334e-05,7.19809680532796e-05
II,-0.11,-0.010015115269925445,-0.0020852284505963326,-0.01690356810577214,-0.009093568660318851,0.0015468924073502423,0.012961823667865247,5.1809718894198075e-05,5.948907162690755e-05
II,-0.1,-0.01423136763041839,-0.006300477776676416,-0.0302081904374063,-0.025220319628715515,0.011608437274117023,0.0226713667565491,5.212875921329861e-05,5.892511045794851e-05
II,-0.09,-0.0180935300886631,-0.011207129457034172,-0.04026897540315986,-0.036097870441153646,0.01938003534451127,0.027952590369386597,4.963774908881379e-05,5.691570246322424e-05
II,-0.08,-0.021951229812111707,-0.013692709669703622,-0.04688046553637833,-0.04283233545720577,0.022093171998858453,0.031144618941470973,5.494638252239639e-05,6.427272840665358e-05
II,-0.07,-0.028037473921722268,-0.01835698218783364,-0.05223303502425551,-0.04787930666934699,0.021659546800947282,0.03214375730603933,5.773304172759859e-05,6.733478473402275e-05
II,-0.06,-0.030045149847865105,-0.01890117875300348,-0.05286210095509887,-0.04817508417181671,0.021164465183392166,0.03276137053035199,7.064256904183033e-05,8.330670743017697e-05
II,-0.05,-0.029051816498395056,-0.015836384912836374,-0.05235058672260493,-0.047143746027722956,0.01988247494446114,0.034477938804775475,8.427739468816455e-05,0.00010066811169055808
II,-0.04,-0.032170816347934304,-0.014290295669343325,-0.054680902790278194,-0.04881682982668281,0.019371659797616302,0.03860113580012693,0.00011226658547843769,0.0001395925850070356
II,-0.03,-0.037331875413656235,-0.01575430301600136,-0.059059163508936766,-0.05087156523950398,0.017197421938180923,0.03873403181787577,0.00012571000804456904,0.00016699229566138478
II,-0.02,-0.005921755323652177,0.021275109518319367,0.01293730569886975,0.03393412979785353,-0.03528934443584149,-0.0005758360319305243,0.00014667800775998574,0.00017871710464814096
II,-0.01,0.049824031069874763,0.14393362309783694,0.2741903256624937,0.30722685530781746,-0.24155839285813271,-0.14328754032030702,0.0002633645694072918,0.0003065724241539231
II,0.0,0.1731446385383606,0.3139578402042389,0.5688045024871826,0.6176804333925247,-0.424337818659842,-0.26938053090125325,0.0006360029458366736,0.0007676148918878986
II,0.01,0.06145336171612144,0.15166671574115753,0.2973044663667679,0.32985468953847885,-0.2564101875294,-0.15644730124622586,0.00020880373425408407,0.0002414843815367107
II,0.02,-0.08310733735561371,-0.05270879396703095,-0.048917967500165103,-0.02610483579337597,-0.04721665848046541,-0.007203479809686549,0.0001011552795794405,0.00012530721262266195
II,0.03,-0.07057986967265606,-0.05053166351281107,-0.07010489786043764,-0.05482394993305206,-0.0102666606195271,0.014288116199895737,8.515872566984969e-05,0.00010473531607194206
II,0.04,-0.064964205538854,-0.048767282674089085,-0.05511218421161175,-0.04717716802842915,-0.014424283849075436,0.003348330105654876,7.349099283412199e-05,8.851130887936472e-05
II,0.05,-0.055544992070645095,-0.043223077431321144,-0.04881805181503296,-0.042765591572970156,-0.01133241078350693,0.0028445404721423964,6.828997942579728e-05,8.014228468140938e-05
II,0.06,-0.04763117432594299,-0.039523828960955146,-0.05051048286259174,-0.044458654476329684,-0.00123967663384974,0.009159177413675935,5.792191601752815e-05,6.846911590255417e-05
II,0.07,-0.04157701965887099,-0.033416124095674606,-0.047238300926983355,-0.04162220656871796,0.002100746193900704,0.011538379010744388,5.9335170994831217e-05,6.945924995716993e-05
II,0.08,-0.03808972518891096,-0.02973550115711987,-0.045434332080185415,-0.041488636285066605,0.00496091244276613,0.013725231145508584,5.461947599354943e-05,6.420450320393545e-05
II,0.09,-0.0357983018271625,-0.02723080338910222,-0.04096869193017483,-0.03670861944556236,0.0024073681561276317,0.012116258195601403,5.96914060676771e-05,7.044810667714506e-05
II,0.1,-0.03214224427938461,-0.024562159553170204,-0.040055773220956326,-0.03510288521647453,0.004489548515994102,0.013422569492831826,5.46114247908881e-05,6.319810723889852e-05
II,0.11,-0.02977403033291921,-0.020042059966363015,-0.036746708676218987,-0.030903780984226616,0.003675713122356683,0.014843172766268254,5.9758015103982585e-05,6.955902218339327e-05
II,0.12,-0.0285915270447731,-0.0191202663583681,-0.03508610355202109,-0.027275446581188592,0.0011037310701794926,0.013037756981793788,5.434037126440359e-05,6.26694372865379e-05
II,0.13,-0.022344327787868677,-0.016264813486486673,-0.027351397834718228,-0.02183276710566134,0.0008218356641009451,0.008979932684451328,6.155443317361277e-05,7.149773464412705e-05
II,0.14,-0.02197435311973095,-0.01351729033049198,-0.023180185444653036,-0.016880347311962397,-0.003458842169493437,0.0086965560039971,6.103575813028155e-05,7.0456278641419e-05
II,0.15,-0.019640817306935787,-0.00970193240500521,-0.016201485798228533,-0.007681600366777288,-0.00948477360070683,0.004417002177797251,6.511413527703782e-05,7.525008287865951e-05
II,0.16,-0.014733057899866253,-0.0009889753942843534,-0.008917988985194825,0.000707793542824219,-0.012114999902587442,0.004355118103819674,6.789177901322431e-05,7.870337583990264e-05
II,0.17,-0.00856693550304044,0.004791801911778748,0.002808309880492743,0.011561700457241387,-0.01787204529355222,-0.0017104354046750829,7.690239787050605e-05,8.920588041128664e-05
II,0.18,-0.004213317042012932,0.012938099150778714,0.01143341138958931,0.021871208399534225,-0.02275393752461241,-0.00264637862564996,8.383110430361646e-05,9.784528818131094e-05
II,0.19,0.007042948983144015,0.025089402869343757,0.025889796623960137,0.03619801290333271,-0.026216542356996796,-0.002775792800821366,9.40282087967583e-05,0.00010834879306706432
II,0.2,0.013496820908039808,0.034557173703797156,0.039800645969808104,0.050973666692152614,-0.03306824350729585,-0.009397634211927653,0.00010624816810279631,0.00012037431979840175
II,0.21,0.022003318183124065,0.04144691131077706,0.05510114638600498,0.06419499218463898,-0.03983108220854774,-0.01651487371418625,0.00011516111368118249,0.00013312916598249742
II,0.22,0.028120455099269748,0.04420219664461911,0.06704608164727688,0.08093978986144065,-0.04893601359799504,-0.026582447113469247,0.00011802116194061096,0.00013512516478798165
II,0.23,0.03214820846915245,0.04923364706337452,0.08063295483589172,0.09302639216184616,-0.056514703889843074,-0.034738203370943674,0.0001279057200278929,0.000149105004633747
II,0.24,0.0331815630197525,0.05100282793864608,0.0871976028662175,0.10015997728332876,-0.06272384966723621,-0.04085994148626924,0.00012649627571298072,0.0001472025412451412
II,0.25,0.033267435582820325,0.047326698899269104,0.09118998050689697,0.10529629616066813,-0.06797361413482576,-0.04757215480785818,0.00012787355576954085,0.00014941292661153555
II,0.26,0.03007810083217919,0.04243418620899319,0.09182954579591751,0.10590263456106186,-0.07109391107223928,-0.051823187805712226,0.00011694812520315156,0.00013822513156211806
II,0.27,0.026380843459628524,0.039742389507591715,0.0820821076631546,0.09912017518654465,-0.06902182118501514,-0.04599457230651751,0.00010959573168215411,0.0001257172827360291
II,0.28,0.023121085204184055,0.03811825490556656,0.0702860750257969,0.08494113837368786,-0.05922166812233627,-0.036175311543047456,0.00010186426584841678,0.00011701669618833125
II,0.29,0.020034581201616674,0.03456079685129223,0.05748710837215185,0.0727542148437351,-0.04886199231259525,-0.027716733608394863,9.601803956837717e-05,0.00011292223077930966
II,0.3,0.016665736213326454,0.02837980429176241,0.04153341883793473,0.05484406091272831,-0.0343059319537133,-0.015700461016967898,8.924827887449e-05,0.00010888933635787423
II,0.31,0.015215610386803746,0.023913076147437096,0.02740621194243431,0.038344794418662786,-0.019334900565445422,-0.005873388773761692,8.697956353778331e-05,0.00010595202660566758
II,0.32,0.012911118776537478,0.021454198751598597,0.01613740622997284,0.023024525539949523,-0.008153749158373103,0.003190186480060219,8.278085439282003e-05,0.00010000365289589727
II,0.33,0.010322408750653267,0.018898041918873787,0.006440676224883646,0.012613503425382075,0.0005110076745040715,0.011157150735380122,7.73595202797748e-05,9.281678480223385e-05
II,0.34,0.00884469954762608,0.017282756371423603,-0.000759800779633224,0.004254582144494633,0.006845720995625015,0.01677908339261193,7.522593550451057e-05,8.91244943781427e-05
II,0.35,0.0060400616916012955,0.01453935960307717,-0.003644637134857476,0.000412224872707154,0.007190742275270168,0.01696030337077445,7.459620872033044e-05,8.911049116715022e-05
II,0.36,0.004138550499919802,0.01198112708516419,-0.006730927748139948,-0.002703580544039147,0.008480521547608078,0.01707865906646475,6.634977260002844e-05,7.831608717920494e-05
II,0.37,0.002591124994796701,0.011607600038405505,-0.007850192952901125,-0.004257135093212128,0.007916391843900783,0.017617488029645748,6.741574235104324e-05,8.056864715041471e-05
II,0.38,0.0011907182670256589,0.010230573825538158,-0.009750028725829907,-0.007043813733616844,0.00931932461244287,0.018743337440537283,6.585114438425133e-05,7.723640127475217e-05
II,0.39,0.0007366028148680925,0.008601644146256148,-0.011043963418342174,-0.007697684739832767,0.00944515931009846,0.017935448940261268,6.661758965145463e-05,7.961677882543794e-05
II,0.4,0.0013713884050957858,0.008394605611101722,-0.011070430744439363,-0.007391438446938996,0.01051336852251552,0.017891458448775665,6.919848796900887e-05,8.747835285695186e-05
II,0.41,-0.000519215245731175,0.008215581998229027,-0.010560587572399527,-0.00765325257088989,0.008463141378888395,0.017839522171389885,7.124460752189267e-05,8.49180523751836e-05
II,0.42,-0.001325308116065571,0.0058172415709123,-0.010927599197020754,-0.007405217364430431,0.007125860374071635,0.015601001262257339,7.050311374551351e-05,8.585348539994122e-05
II,0.43,-0.0005286707233608467,0.00503686163428938,-0.010405673400964589,-0.0064730020443676045,0.007292298238462535,0.014247088182310108,7.330448745546236e-05,8.51643285233832e-05
II,0.44,-0.004564848728477955,0.0027745948755182304,-0.009924476832384243,-0.00610185512341559,0.0032964249054202813,0.012274701616115635,7.59533857714814e-05,9.174126875050965e-05
II,0.45,-0.003893875858921092,0.004336033844447216,-0.00981078203767538,-0.004837691021384675,0.0031622201291611417,0.011832528721060945,7.983895734569591e-05,9.91266941355278e-05
II,0.46,-0.0027300207875669003,0.0028660990356002003,-0.007473253645002842,-0.0033919695066288126,0.0016551464053918608,0.009449862048495553,7.915245356776254e-05,9.389073125584191e-05
II,0.47,-0.005822191014885902,0.0023739973956253373,-0.008518791757524014,-0.004222979740006849,-0.00023797428075340572,0.010448286423343233,8.251293092052564e-05,0.00010715208621958756
II,0.48,-0.008004527902812697,0.0003829712077276781,-0.008001439226791262,-0.004090247846579589,-0.0028411914317985065,0.007393392095036688,8.339672136492049e-05,0.00010463666790410218
II,0.49,-0.007631203159689903,-0.000529548203485321,-0.008363862778060139,-0.004660284268902617,-0.0013442620838759467,0.0065082382374384885,8.13270595634767e-05,0.00010378454735846276
II,0.5,-0.009344665196840652,0.0001732378004817292,-0.008799680884112603,-0.004989260824368103,-0.0030172573000527337,0.00714268058800371,8.264057672750341e-05,9.79330970577588e-05
II,0.51,-0.010625362396240234,-0.002541312715038657,-0.009801276996586238,-0.005557880760170522,-0.0034008352609816938,0.006062139080313492,8.715039354928843e-05,0.00010808738781978042
II,0.52,-0.011242761023459025,-0.005218028975650668,-0.009618004695221316,-0.005602017961791719,-0.0037524083090829663,0.002904487834894098,9.28928105106013e-05,0.00011890168736929872
II,0.53,-0.012758764438331127,-0.004567702893109528,-0.010107297523063608,-0.005355331348255277,-0.006014710572162585,0.003938001554342915,8.952638977095501e-05,0.00010988827048383062
II,0.54,-0.01581152342259884,-0.007017384748905897,-0.011476718820631504,-0.007516287171165459,-0.007081824878696352,0.002528600590449059,9.322540902412078e-05,0.00011107095265237851
II,0.55,-0.015078931488096714,-0.005456852173665541,-0.012744391307933256,-0.008180303429253404,-0.005683494389677434,0.005440734322473871,9.145793703449077e-05,0.00011178661789452311
II,0.56,-0.015061878162669018,-0.006569695570578915,-0.014734628610312939,-0.00989200724870898,-0.0041877791518345475,0.00567936869192635,9.10696521737633e-05,0.00010786435207808737
II,0.57,-0.01663575804559514,-0.006945504929171877,-0.015526224370114505,-0.011162534879986197,-0.0036308017268311234,0.007162140199216082,8.899691657748049e-05,0.00010583657226033346
II,0.58,-0.018296855164226144,-0.007225833355914801,-0.017458352469839157,-0.012652185745537281,-0.0036695516551844775,0.007876312661392144,8.915439495985338e-05,0.00010966263930025731
II,0.59,-0.01741158018121496,-0.007084820064483211,-0.01763185195159167,-0.01278020441532135,-0.003121167671633884,0.008337685951846651,8.708827881377681e-05,0.0001057364993026161
III,-0.4,-0.002653850198112195,0.0037426816998049617,0.0025418833545700183,0.006313907391449902,-0.007536306914698798,-0.000243536883499474,9.988801960385054e-05,0.00011223959257614868
III,-0.39,-0.002575020072981715,0.003653976833447814,0.0023590586370119127,0.006358587410068138,-0.007057652046205476,-0.00048654277052265275,9.895593697751615e-05,0.00011129005328357882
III,-0.38,-0.003597271372564137,0.005385030172328693,0.003020135869155638,0.00620061638765037,-0.008007098258531187,0.0014413259894354245,9.947698630927997e-05,0.00011160851758329996
III,-0.37,-0.0015475845542823662,0.0037019923329353333,0.0031717627978650855,0.007127469507395288,-0.007200678681692807,-0.0012512273293396018,9.731094191796402e-05,0.00010883469360073327
III,-0.36,-0.0019425950275035575,0.0043904999562073485,0.003901019424665719,0.007261689718870911,-0.008026210371463094,-0.0007659110924578272,0.00010007554920538055,0.00011287407843092147
III,-0.35,-0.0008791886328253895,0.006325832945094589,0.0033938493579626083,0.006660530887893401,-0.005858548589822021,0.0014430254799663088,9.892632767451063e-05,0.00011178087587558069
III,-0.34,-0.0013229211326688528,0.004951229254947974,0.0037996934377588333,0.006514045549556611,-0.006198830681569234,0.00023937197847771988,9.477823344063429e-05,0.00010707153664085631
III,-0.33,-0.0006819436770456377,0.005931949301157147,0.003131948708323762,0.0063293097744463,-0.005946826339368272,0.001487852993886915,9.196286198289313e-05,0.00010471583592536933
III,-0.32,0.0004911620475468227,0.0054206776520004454,0.002759678106667707,0.00555293253273703,-0.004488978936205967,0.0016745208413340143,9.308495466880933e-05,0.00010499085343726015
III,-0.31,0.0008815978653728962,0.006884601432830095,0.002444443359854631,0.005812392986263148,-0.0031778296382981353,0.0032216217681707345,8.914055735729064e-05,9.918647774369203e-05
III,-0.3,0.00039552912348881367,0.007182450644904745,0.002592406640178524,0.005716096806281708,-0.004304313866305165,0.003538736644259188,8.603456745079844e-05,9.62545446692778e-05
III,-0.29,0.00025261600967496634,0.005814059521071613,0.0022076640598243102,0.005729753349442033,-0.0041020485481567445,0.0028596403295523434,8.613509747225724e-05,9.747739571602463e-05
III,-0.28,0.0002292198478244245,0.0064367405488155675,0.0027958865044638514,0.0053263973095454276,-0.0043390385781094665,0.002611995942424981,8.53627956321262e-05,9.683518943058312e-05
III,-0.27,0.0014513223432004452,0.007627472933381794,0.0021167441678699105,0.005414450385433155,-0.0032196716994803863,0.004524691178812643,7.833378350591126e-05,8.752858094319491e-05
III,-0.26,0.000616827659541741,0.007122577218979131,0.0025923829525709152,0.006387146501219822,-0.0050129690847825256,0.0036274538055295104,8.369816336616089e-05,9.348566971498963e-05
III,-0.25,-0.0002175502180762123,0.006790392403490833,0.0023298453117604366,0.005680660856160102,-0.005134673606335127,0.003580411978327901,8.092731032811313e-05,8.985846579983998e-05
III,-0.24,0.00027632500277832174,0.005750839707616237,0.0029712877585552633,0.006469713200931435,-0.005123618774086935,0.0018101557390764308,7.92865301567258e-05,8.84549459269863e-05
III,-0.23,-0.0007416615262627602,0.00546859041787684,0.002920381521107629,0.0061740976321743805,-0.005605490048765205,0.0013041213140240833,8.2507953037223e-05,9.145341656726544e-05
III,-0.22,0.0029165660962462425,0.008050836087204511,0.0039245382704393705,0.007652558531844988,-0.003908902288821991,0.002773186977719888,8.42916042729648e-05,9.566193158685238e-05
III,-0.21,0.00024747303541516907,0.0057778568007051945,0.005753656050364953,0.009812070522457361,-0.0077974763760721546,-0.000892420810123443,8.03546371368395e-05,9.113148822842276e-05
III,-0.2,0.0016601441641796554,0.007838137331418693,0.007901555151329375,0.012325004063313827,-0.0088833444257034,-0.0019715187387191703,8.63576568763981e-05,9.784412538496644e-05
III,-0.19,0.0022554468661837744,0.009267068910412488,0.011624567210674286,0.017004810096113942,-0.012236192419368307,-0.003681090485770259,8.366394194303463e-05,9.369945116368231e-05
III,-0.18,0.0036530877114273608,0.009961682371795177,0.016495272965403273,0.019608500588219613,-0.015089192049345002,-0.007648411048285201,8.98404900097579e-05,0.0001027382480889133
III,-0.17,0.0029053528800432105,0.010109061092953177,0.019436371116898953,0.024877951841335743,-0.020140294820885175,-0.010580476745963109,8.339952076135142e-05,9.307136299841444e-05
III,-0.16,0.0018817776872310787,0.011371061950922003,0.018990835198201238,0.025158743874635545,-0.02048135424265638,-0.009344635455636312,8.803204765196534e-05,9.958721602714273e-05
III,-0.15,0.002062084807766951,0.00962834211532026,0.018125518667511643,0.02208377793431282,-0.01866758209062027,-0.010189988143974918,8.200822612198598e-05,9.244363563290351e-05
III,-0.14,-0.0010429458925500512,0.006256091874092817,0.00944491010159254,0.01821550084277987,-0.01728784504775831,-0.0054387628618769715,8.119752540533887e-05,9.346398642510225e-05
III,-0.13,-0.005164711270481348,0.003620384185342113,0.0028797079023206605,0.011230007407721126,-0.013320032489718869,-0.0015089936104232067,7.528133297834093e-05,8.673901766686069e-05
III,-0.12,-0.007749231765046716,-0.0006038391729816794,-0.0030693885793880325,0.0025075318349990993,-0.008425626629104954,0.00039232182462000417,7.488906316019071e-05,8.56707278329375e-05
III,-0.11,-0.010390570040908643,-0.002623587580455938,-0.00860261608613655,-0.003850541285646615,-0.00473724962794222,0.00415157316456316,6.840123395363325e-05,7.891383893982648e-05
III,-0.1,-0.011804849642794579,-0.004679524787934503,-0.013088057312415913,-0.007989650171657559,-0.0021656746772350743,0.0063169152679620295,6.551168132457326e-05,7.336434555922091e-05
III,-0.09,-0.013901796352001838,-0.005843927554087714,-0.013453310864861123,-0.009342261447454805,-0.0032571522329817525,0.005511892354115842,6.359335829969425e-05,7.16199629035953e-05
III,-0.08,-0.015281099965795875,-0.00829831836745143,-0.015340829268097878,-0.012028106820071117,-0.0023297211853787305,0.005710727421865157,6.444942899274062e-05,7.271246452185577e-05
III,-0.07,-0.01769643968436867,-0.01104628677130677,-0.01561784248915501,-0.011438791872933507,-0.004415749898180365,0.003203549122554247,7.315892315974264e-05,8.494776953145559e-05
III,-0.06,-0.014409037295263261,-0.0065245043151662685,-0.015331460617017002,-0.010913754947250711,-0.0018610811966937035,0.006621120702766346,9.346202021599399e-05,0.0001092652718578703
III,-0.05,-0.015478546498343349,-0.006417431874433539,-0.013854878023266792,-0.009089424725971186,-0.005135715822689235,0.00499131149554159,0.00011852926826840999,0.0001463223919816567
III,-0.04,-0.02359613581793383,-0.012444090418284764,-0.017192084342241287,-0.012140396720496941,-0.009416814867290669,0.002979490329744294,0.00015488620620473836,0.00018902318719380036
III,-0.03,-0.05218133702874184,-0.03222898298408836,-0.018314306228421628,-0.008838715590536596,-0.040796312980819496,-0.017497481312602772,0.00017981661849668037,0.00022253919398357395
III,-0.02,-0.0988525677472353,-0.043682437390089035,-0.04067277415888384,-0.018277077318634843,-0.07157472384860739,-0.016421927185729164,0.00023758479789752994,0.0002941490541305299
III,-0.01,-0.1424262990243733,-0.06980175441130998,-0.09082654957310296,-0.06078247346449644,-0.06589467166922987,0.006079980032518464,0.00022760496899650753,0.0002717900064628902
III,0.0,-0.20767931146547197,-0.08994799503125253,-0.12615924924612046,-0.06445272557903084,-0.10711170304566622,0.023564223432913364,0.00031092649734189884,0.00036755090684634483
III,0.01,-0.16480314191430806,-0.09290534714236856,-0.10007052440196276,-0.0460822989000008,-0.10183656457811593,-0.006613998999819242,0.0003350386888479942,0.0004105353049168713
III,0.02,-0.12380065768957138,-0.06711078251246365,-0.04431739076972008,-0.010543017648160458,-0.10083368306513876,-0.03481360222212972,0.00021497830327393198,0.0002608881194484713
III,0.03,-0.044440073892474174,-0.02097044466063383,-0.024536817672196776,-0.012070752051658936,-0.025787053257226945,-0.001532965106889608,0.00015596058481599608,0.00018809565977409185
III,0.04,-0.020594853907823563,-0.005217076843837285,-0.012663782230811193,-0.005858381744474173,-0.011543808889109641,0.004519889180664904,0.00012491127019466637,0.0001528929568902969
III,0.05,-0.010846958961337805,-0.0010682729658128673,-0.009709859429858626,-0.0036931409078533764,-0.0055324625689536335,0.005939259535443851,0.00010166260793788585,0.000122169670559202
III,0.06,-0.010461595375090837,-0.0013756447026310097,-0.007513570372248068,-0.00311372202631901,-0.006073834173730574,0.0040242240924271725,8.38726320544463e-05,9.943954286909925e-05
III,0.07,-0.007499022455886006,0.0007458493862941342,-0.005639996100217104,-0.0009200778877129778,-0.00364615480939392,0.004819437537844349,8.191246378172804e-05,9.645683224934026e-05
III,0.08,-0.0039819319194066335,0.004254657658748329,-0.006770231062546372,-0.002531925216317177,-0.00047510637814411865,0.00870908364158822,7.522603835798592e-05,8.620794717653092e-05
III,0.09,-0.004867664072662592,0.004510398488491774,-0.006479460935224779,-0.002303905063308779,-0.0008581261219660518,0.009728906716918572,7.81377151698957e-05,8.970417740204403e-05
III,0.1,-0.0019982452824478967,0.006324640836101023,-0.006707467982778326,-0.002457405978930183,0.002091081168691744,0.011592188110080302,7.302757023423868e-05,8.269176793040188e-05
III,0.11,6.226354125828951e-05,0.008187264873413369,-0.007526928323204629,-0.0018869803665438696,0.00407397958333604,0.014246862079016855,8.042360726593254e-05,9.058630049082491e-05
III,0.12,0.0004257898013747763,0.00940077262930572,-0.006377320690080524,-0.0018286253267433595,0.003918828867608681,0.014261746588454116,7.672701664940146e-05,8.685922028539143e-05
III,0.13,0.0008469985870760866,0.013234125560848036,-0.006772403494687751,-0.0009692048188298941,0.0033999709892668763,0.01717406107927672,8.607149322258595e-05,9.670115824849194e-05
III,0.14,0.003062037406198215,0.014091374818235636,-0.0059107402455993,-0.00022602044191444293,0.004463247371495527,0.01770293362060328,8.005165628373365e-05,9.160269637978841e-05
III,0.15,0.0024530860246159136,0.015726039744913576,-0.0050494580878876144,0.00011250781244598329,0.0035352268306269256,0.018809110835718457,8.492351593730719e-05,9.702151567162079e-05
III,0.16,0.0047967186197638515,0.01835402066353708,-0.0043721380963688715,0.0004417914591613225,0.006039341297582723,0.0212308532652969,8.828570687442039e-05,9.9995563562792e-05
III,0.17,0.006664472536067479,0.021023816824890653,-0.004863234012736938,0.0008705167620064403,0.00717950907710474,0.023132584092672912,9.746977357049562e-05,0.00011165226783798212
III,0.18,0.009568637164193206,0.023576189763844013,-0.003801221610046923,0.0018269136548042274,0.009241419521640638,0.024929163903289007,0.00010052897403818081,0.00011332451237081278
III,0.19,0.014154958759900183,0.026259050564840434,-0.0032145212561772497,0.0029460537683917197,0.012762349635886494,0.027680595644051207,0.00010852577665325382,0.00012545791995538446
III,0.2,0.015667063661385327,0.029387569054961205,-0.00400247476354707,0.004247543326346201,0.013763062654470559,0.030673455906799058,0.00011300237999151834,0.0001314134729249475
III,0.21,0.017435997258871794,0.03041699540335684,-0.0019269642420113085,0.005759292747825384,0.014001753817865392,0.029989195290181667,0.00012093291011661087,0.00013825613089603418
III,0.22,0.016402909904718398,0.03068845748202875,-2.6212699992811384e-05,0.008779293857514858,0.010664884839206934,0.02844196157816441,0.00011848818608634732,0.0001343236917360798
III,0.23,0.013428326812572777,0.035017937771044665,0.0017804279021220283,0.012451802985742687,0.004306136892409995,0.029907688722596505,0.00012500472479660127,0.0001444194689707231
III,0.24,0.012819726835004985,0.030311784893274296,0.004932645708322525,0.01413801345042884,0.0016177614161279057,0.02171160036232322,0.00012583326672668902,0.0001464130899622502
III,0.25,0.014335276558995247,0.02474151377100497,0.008918636594898999,0.015639087185263634,0.00023439566139131816,0.013838596671121193,0.00012213736964435178,0.00014356917039978792
III,0.26,0.008666706271469593,0.021685656160116196,0.008362638542894275,0.017318825633265075,-0.006628962216200307,0.010538565088063478,0.00011965692850663132,0.00013792257734750613
III,0.27,0.006114483086275868,0.01739993209776003,0.008730449243739714,0.01635453989729285,-0.008257641785348824,0.005678588972659779,0.00011665172593756203,0.00013392078158421355
III,0.28,0.003437199035397498,0.013992467953357844,0.009955289924982935,0.01563768739652005,-0.010911309299990535,0.0023335689271334528,0.00011118768880504209,0.0001298000400567597
III,0.29,0.003674210049211979,0.012573114516271737,0.010410319233778864,0.01596745621063746,-0.010335144366399618,0.00045219756430014686,0.0001102677172932432,0.00012805238939449313
III,0.3,0.00303623140862328,0.012673475584597324,0.009815330288802215,0.014670019086042884,-0.009773123439663323,0.001447537506464861,0.00010476205308705748,0.00012196071595979124
III,0.31,0.002610367244233203,0.010802281671203673,0.008533550426363945,0.012477145995944737,-0.00917042626242619,0.0009489335378020765,0.00010320267022768584,0.00011867006843292063
III,0.32,0.0010891432757489383,0.00986829436988046,0.006966288431431167,0.011977012269198895,-0.00966977643838618,0.001180829745771907,9.819594182271897e-05,0.00011308585853091733
III,0.33,0.0020547801177599467,0.008380635216599328,0.006491543009178713,0.00980103107867762,-0.0066654895686951935,0.0012472895956307133,9.868492646393358e-05,0.00011392843635514442
III,0.34,0.001238305983497412,0.009833472687751052,0.005488938215421513,0.009039526106789708,-0.006615130955469795,0.00299090267217252,9.398509406563236e-05,0.00010777383041382034
III,0.35,0.002270093295373954,0.009399559843586756,0.005481798888649791,0.008686582854716103,-0.005188389984687092,0.0029944440626422813,9.134564376521055e-05,0.0001044477889860735
III,0.36,0.00218015215396008,0.010194441693602127,0.005135595439060126,0.008884010708425195,-0.005032017349731177,0.003508056237478737,8.603873621869372e-05,9.716375533849919e-05
III,0.37,0.001268459040147718,0.006245399956242181,0.00573491754475981,0.008814777247607708,-0.0064969470252435714,-0.0009557217272231356,8.693362408893127e-05,9.877934606794613e-05
III,0.38,-0.0002678206656128168,0.007307973300339648,0.00518611230654642,0.009005545329091542,-0.007670890845474787,0.0007897761679487292,8.630252567239251e-05,9.900984705545016e-05
III,0.39,0.0005592891695414437,0.0070680837292457,0.0052146777510643,0.008607427985407411,-0.006542887061914371,0.0006119367370047231,8.647694642554368e-05,9.685682855910766e-05
III,0.4,0.0010470125038409606,0.007415717753610803,0.005329656880348921,0.009152190550230442,-0.006092922377865762,0.00079016683157533,8.682859877182603e-05,9.87783473089779e-05
III,0.41,0.0010517505474126666,0.006182868289761243,0.006585129842278548,0.009919952601194382,-0.007954563794191927,-0.0015662147881812419,9.026745168778746e-05,0.00010310846912297077
III,0.42,-0.00021665298881998752,0.006385774875525385,0.006831462727859616,0.009832435867429013,-0.009138609231740702,-0.0014796343879424968,8.966608852119461e-05,0.000101675538857593
III,0.43,-0.0012417561090842355,0.00472055678255856,0.005938115529716015,0.009504464325073056,-0.009380851375863131,-0.0026456974901520884,9.26160190226836e-05,0.00010563702971589446
III,0.44,-0.0015422425378346814,0.005581294652074575,0.00637335394276306,0.010058726993156597,-0.010444285719495383,-0.002468064201821108,9.116777890854117e-05,0.00010380168377440227
III,0.45,-0.0010242689197184516,0.004296362264722118,0.00725069479085505,0.010140332393348217,-0.010479506757110357,-0.003932749475643512,9.61083565036276e-05,0.00011463034827013687
III,0.46,-0.0006823065858498011,0.005111954710446286,0.007669707809691317,0.011221736430888992,-0.010802940545863749,-0.003943694086046891,9.53395059693622e-05,0.00011507876858291682
III,0.47,-0.000969763204921037,0.005739916517632082,0.006952765333699063,0.011104606123990376,-0.010849993640294996,-0.0028678301197942353,9.855199733407065e-05,0.00011651651063169535
III,0.48,-0.0017344179359497502,0.004504246456781402,0.007005009747081204,0.010708970087580382,-0.011479727839468979,-0.004268733225762844,9.954496040829808e-05,0.00012355107145813431
III,0.49,-0.0034605381079018116,0.00292955432087183,0.006424371604225598,0.0099377820501104,-0.012096228031805366,-0.004837726311961887,0.00010313535426189678,0.00012176254532015973
III,0.5,-0.004965713772253366,0.0016612897808954553,0.006401054178422782,0.009432938502868634,-0.013261624249571469,-0.0056354537729930605,0.00010496396510667943,0.00012355399442008993
III,0.51,-0.005074507146491668,0.0017574916993908043,0.006007601995952428,0.009583378699608147,-0.012150517129339278,-0.005741181412304287,0.0001051652442800215,0.00012639255099054019
III,0.52,-0.006740520638413727,-8.711853297427297e-05,0.005263624101644382,0.009554699587170031,-0.014666497753933073,-0.006822353433744869,0.00010510679077974833,0.00012160222837326915
III,0.53,-0.008849539145376183,-0.002196458188700492,0.004913310735719279,0.008342710699071176,-0.015968280006200077,-0.00821299787166936,0.00010820595381732413,0.0001260746701207061
III,0.54,-0.009862864780734526,-0.0020864566657110162,0.00263949076179415,0.0059734097158070576,-0.01472078792139655,-0.006041581035242417,0.00010457043789838157,0.00012332256333879449
III,0.55,-0.009608834981918335,-0.003529433355379299,0.0026352860888437133,0.0062972791492938995,-0.014967495331075043,-0.0077684664298431055,0.00011048110598208616,0.00012679447501398453
III,0.56,-0.012474956235382705,-0.0049431749604991635,0.0010435605023303653,0.005038357099692803,-0.016500749603437725,-0.007022755577054346,0.00011267620356674586,0.00013561445900586795
III,0.57,-0.010741418867837638,-0.004732904490083456,7.11111419605004e-05,0.0035990905060316433,-0.013531899006011372,-0.006209299111287694,0.00011088739255566394,0.0001307437405120106
III,0.58,-0.012659584888024256,-0.004651363453740488,-0.0005515416559319419,0.003301395694143136,-0.014385431588016218,-0.005442363970360021,0.00010456095436326633,0.00012215973693914886
III,0.59,-0.011977428570389748,-0.005296895827632399,-0.0002452382059345835,0.003924803565359978,-0.014487167053448501,-0.00596561685561028,0.00010741766343058294,0.0001250738798415575
aVR,-0.4,-0.00136903998645721,0.005561307887546718,0.0037161448282859054,0.0074674445844721,-0.007496259373874636,0.00014769065892323614,0.00015964883580736798,0.000181610423644863
aVR,-0.39,-0.002389696283626108,0.004038981544726992,0.005577289033681154,0.0094349518418312,-0.010225479176460795,-0.0027148155902978065,0.0001569756516596188,0.00017518133853355107
aVR,-0.38,-0.004178409013547935,0.0018308472353965044,0.006572332861833274,0.010339274932630359,-0.013348814623896033,-0.00631559756002389,0.0001575623389303947,0.00017837162017228595
aVR,-0.37,-0.003901065094396472,0.0037714845966547728,0.007945394702255726,0.01097952262498438,-0.013696029566926882,-0.004785028652986511,0.00015583700574195634,0.00017806539646595448
aVR,-0.36,-0.0016368549052913294,0.0018455160414305265,0.008842930902028456,0.011834132950752972,-0.01232461576513515,-0.008211322686656787,0.00015613133358594787,0.00017562613623320775
aVR,-0.35,-0.0034947675085277297,0.0008977105127996759,0.009502047137357295,0.012273350264877081,-0.014758755287039094,-0.009756533670622505,0.00015275100267414586,0.00017408331055636974
aVR,-0.34,-0.004197720356751233,0.0006482170720119029,0.009738659372669645,0.01282198257977143,-0.016035832447232678,-0.010478632598733386,0.00015347457063065936,0.00017475141294418734
aVR,-0.33,-0.0029811239820901393,0.001002651899761985,0.010828677553217859,0.014641751581802963,-0.016730209183879196,-0.010295856428274418,0.00015589883260545096,0.00017645315364806202
aVR,-0.32,-0.0048091020027641205,0.0007924960482341695,0.011097494827117771,0.014047324599232525,-0.017318784614326434,-0.011015640542609619,0.00015274626680808923,0.00017292023527479337
aVR,-0.31,-0.004890087642706931,0.0006629964815147086,0.01244376043905504,0.014976000413298607,-0.01864639651903417,-0.012442574462511404,0.0001508764949060882,0.0001704017036191425
aVR,-0.3,-0.005664823489496484,-3.334999399839944e-05,0.012884004309307783,0.015999302733689547,-0.019966446404578165,-0.014116181183453591,0.0001480429899533221,0.0001662341432043051
aVR,-0.29,-0.004681264096871018,-0.00038342038196788206,0.013664661318762228,0.01601263660704717,-0.0201104047591798,-0.014935036089445932,0.00014483569523672694,0.00016307374696612815
aVR,-0.28,-0.005548346322029829,-0.000968426582403481,0.013993314176332206,0.016522538661956788,-0.0211542631033808,-0.015492879529483616,0.00014349742565153694,0.00016256066722705265
aVR,-0.27,-0.004521531285718083,0.00017866170273919059,0.014916040556272492,0.016872676042839884,-0.020745711255585775,-0.01568293766235911,0.00015321330431076875,0.00017273527089775497
aVR,-0.26,-0.004038258324362686,0.0006487250217105567,0.014257296454161406,0.017368162004277106,-0.01978264369245153,-0.014449319655250294,0.0001419051856821177,0.0001596450166927338
aVR,-0.25,-0.004816966023645363,7.102502677298528e-05,0.01500184522010386,0.017933682072907686,-0.021165650751208888,-0.015942507894214943,0.00014352789949554845,0.00016331531899065703
aVR,-0.24,-0.004953101405408234,-0.0003373053084033068,0.014194396272068843,0.017150798114016652,-0.021056963596493006,-0.01574150938577077,0.00014093312579625236,0.00015875479818831247
aVR,-0.23,-0.005174567690119147,0.00010081803711727783,0.01304308621911332,0.016364880045875902,-0.020610409384244122,-0.013871784185448634,0.0001440519287005,0.0001630528945226714
aVR,-0.22,-0.0055307793081738055,-0.001593135770235677,0.011387559538707136,0.014146035211160774,-0.01857811155314266,-0.013927402400076972,0.0001352406601138661,0.0001539807187732132
aVR,-0.21,-0.0059932622803899,-0.0015989058854756879,0.009939125669188798,0.013618546072393656,-0.018542881380699327,-0.012775072832300794,0.00014072549328587045,0.00015967888424597178
aVR,-0.2,-0.007158737879944965,-0.0026753234502393773,0.006682240637019277,0.010971001314464957,-0.017137305851792916,-0.01062684954922588,0.0001377431680570695,0.00015527375865268946
aVR,-0.19,-0.00847578739922028,-0.003478768354398199,0.0014776337193325162,0.006961280276300383,-0.013861370317317778,-0.006042639475344913,0.0001414723993080279,0.00016042949834027095
aVR,-0.18,-0.008215532405301929,-0.0036069154157303274,-0.007901274107280188,-0.0011647066356090374,-0.005813578898596461,0.0021159919444471596,0.00013459489505390293,0.00015188959472786575
aVR,-0.17,-0.012941061973106117,-0.004761168838012966,-0.016824200307019054,-0.01071583403099794,0.00018515167757868775,0.010076438929536378,0.000131438629578445,0.0001494083054077053
aVR,-0.16,-0.011934752389788628,-0.004088351037353277,-0.022318262606859207,-0.01794408968416974,0.007676908420398832,0.015820840548258268,0.00013268713931143992,0.00014975541046789942
aVR,-0.15,-0.011155521497130394,-0.005246658154646867,-0.026838138699531555,-0.020002348476555198,0.01125940345809795,0.019560634047957135,0.00012891010570612995,0.00014883822323105738
aVR,-0.14,-0.009289389832702,-0.002332124425447546,-0.027755301119759677,-0.022180488856974993,0.014348737860564143,0.02384087482932955,0.00012425376034544714,0.00013884030961089093
aVR,-0.13,-0.006240955705288797,-0.0012418955238899863,-0.02161305989138782,-0.015757973585277796,0.011204891810484697,0.018323689862154418,0.00012276752820207003,0.00013900013062862865
aVR,-0.12,-0.003276391093095299,0.0018878296556067648,-0.014842355623841286,-0.002316095054266046,0.0016209334331506399,0.014548912030659262,0.00012582279070465788,0.00014050833983640266
aVR,-0.11,-0.00011520992793521143,0.004341805276635568,0.003775146557018161,0.012173087254632262,-0.011035227158572525,-0.001841064669133638,0.0001221531712017546,0.00013878799602112766
aVR,-0.1,0.0030344545375555754,0.008966608613263816,0.01843940540566109,0.02383645932422951,-0.019170971895800904,-0.011338516371324658,0.0001243763063695685,0.0001396712073928439
aVR,-0.09,0.007407005177810788,0.01203110297210514,0.029265736520756036,0.03383078216575086,-0.025392711407039314,-0.018406015879008922,0.00012565665822295585,0.00014468850865148245
aVR,-0.08,0.009935550508089364,0.016389893367886543,0.03645228187087923,0.03952825751621276,-0.028629992512287573,-0.021306650026235732,0.00012276619017298344,0.0001389590803908197
aVR,-0.07,0.015136557311052456,0.020825100282672787,0.040946887875907126,0.04427520888857543,-0.02802510526962578,-0.02107264412334189,0.00013822900195974014,0.00015722357091820047
aVR,-0.06,0.01675613597035408,0.02235516719520092,0.041742389602586624,0.04571996070444584,-0.028000489366240798,-0.021378313028253614,0.0001354078074909676,0.0001535080671595136
aVR,-0.05,0.01211947543779388,0.022118491120636463,0.04174204878509045,0.04541900125332177,-0.03183707143180072,-0.02078069114359096,0.00015795296214423806,0.00018156873042980218
aVR,-0.04,0.00788113009184599,0.018386431981343772,0.042229453288018706,0.04857794584240764,-0.037849064928013834,-0.026519939466379584,0.00015647609552236545,0.00018243209836477344
aVR,-0.03,-0.00024075308065221176,0.020165449008345604,0.05045230723917484,0.056866434402763844,-0.05383884511866199,-0.03242971275467427,0.00022521676176443875,0.0002645432730138972
aVR,-0.02,-0.04769987789914012,-0.022867856547236443,-0.04925702139735222,-0.027005033358000224,-0.013242357026319951,0.01822023831773547,0.00017766991964456177,0.00021176178582474393
aVR,-0.01,-0.1746838390827179,-0.12310760309919723,-0.3578238418325782,-0.3175806788727641,0.15696283280849457,0.22393417861312626,0.00032879690946472544,0.00038597976699987523
aVR,0.0,-0.29751011487096546,-0.1911797970533371,-0.663013219833374,-0.6162675023078918,0.3362977519631386,0.44896248290315266,0.000520849161193002,0.0006384175436874517
aVR,0.01,-0.14522231370210648,-0.06551522761583328,-0.35916684567928314,-0.308677077293396,0.18368882001377643,0.277614834997803,0.0003414726029565061,0.0004090424227472554
aVR,0.02,0.019176701083779335,0.039768412709236145,-0.002678366145119071,0.01595129997585899,0.007889271990279667,0.03779331447440199,0.00028697766865331967,0.00034222017511256183
aVR,0.03,0.033028641762211916,0.04870110794436186,0.03473982959985733,0.04884418766014278,-0.012518173176795244,0.00921032889746129,0.00023470614393749633,0.0002845224066119098
aVR,0.04,0.042681023059412834,0.05489363237284124,0.04217441526707262,0.04906652364879847,-0.003968735784292221,0.009973720181733361,0.00021580171285541419,0.00025915882724345234
aVR,0.05,0.04291745377704501,0.05182304526679218,0.03859746865928173,0.043893799372017386,-9.938436560332765e-05,0.011253231531009078,0.00018245909218068948,0.0002189477368798031
aVR,0.06,0.04076328775845468,0.04958838755264878,0.04062077063135803,0.04542952068150043,-0.0029077616054564714,0.006650010030716657,0.00018966188752087023,0.0002244017944157532
aVR,0.07,0.03690492920577526,0.04324936866760254,0.03859713412821293,0.042993928352370855,-0.004042697162367403,0.003446487989276645,0.0001559180675034241,0.00018028661866991636
aVR,0.08,0.03483645245432854,0.04076053597964346,0.038070589187555015,0.04256026819348335,-0.006170363910496235,0.0005900470539927466,0.00016767811010813367,0.00019220072826723442
aVR,0.09,0.030211180448532104,0.0393094572238624,0.03320717569440603,0.03829039451666176,-0.0062174480874091385,0.0036658291472122058,0.00013920597612493112,0.0001638769440231539
aVR,0.1,0.027621653862297535,0.03703684196807444,0.031019980274140834,0.03628012188710272,-0.006022214377298951,0.004201580001972606,0.00015650670072541194,0.00018050550226726364
aVR,0.11,0.02553604692220688,0.03284863382577896,0.027336296625435352,0.03366802483797073,-0.006258352706208825,0.00402342134620994,0.0001415684077635627,0.00016297995589906013
aVR,0.12,0.023023935197852553,0.032070573419332504,0.024380294454749672,0.03149624108336865,-0.00589753050589934,0.005117064702790228,0.00015395111927004096,0.00017724479089680997
aVR,0.13,0.021740930690430104,0.02744248881936073,0.019472275860607624,0.025198145280592138,-0.001146846858318895,0.006784364336635917,0.00014132002009345165,0.0001633767339510661
aVR,0.14,0.019252723443787544,0.024424441589508204,0.016343826428055763,0.020740775391459465,8.602605666965254e-05,0.006954686209792271,0.00014798668237799934,0.00016899510706968747
aVR,0.15,0.015629597008228302,0.021370217250660063,0.007216527592390776,0.014449910423718392,0.0027612381323706358,0.013073329193866806,0.00014250959171837487,0.00016253267661056796
aVR,0.16,0.010865198215469718,0.01819160657469182,-0.0007196233578724785,0.008150511435451334,0.003922361100558191,0.017038579174550244,0.00014484641394384097,0.00016729145640825697
aVR,0.17,0.004423605170450174,0.01482531172223389,-0.01211014233995229,-0.0027343649635440705,0.009552792957401834,0.023996356071438636,0.00013709633946669406,0.00015805236301028342
aVR,0.18,-0.00014861216332064936,0.009190791333094236,-0.02179597910726443,-0.011890725325793031,0.013709662957990077,0.028038932429626576,0.0001398898728446258,0.00015851267441490733
aVR,0.19,-0.012017174158245325,0.0032841462816577405,-0.03641463974490762,-0.024589993944391608,0.014036858169129118,0.035237669337948314,0.00013260185558917732,0.00015088721404788754
aVR,0.2,-0.02082431917078793,-0.0052797424461459765,-0.049467460438609126,-0.039699970930814746,0.021988930518273265,0.04264192688860931,0.00013664827273829593,0.0001537634012586715
aVR,0.21,-0.028219239809550344,-0.009114871616475288,-0.0631940116174519,-0.052968379110097885,0.027731797355227173,0.052804750739596784,0.00013875805718044506,0.00016003543987306988
aVR,0.22,-0.03228553336812183,-0.015227988827973606,-0.08034446090459824,-0.067055676644668,0.03841949630295858,0.06262608488323167,0.0001409599237009139,0.0001593842702426403
aVR,0.23,-0.03503246419131756,-0.019478728994727135,-0.09171934965997934,-0.08023256342858077,0.04826361662708223,0.07001255562063306,0.00013852332127731643,0.0001569267611929976
aVR,0.24,-0.03331697538960725,-0.0199146531522274,-0.09789329711347819,-0.08341370616108179,0.05492109183687717,0.07504323683679104,0.00014401842067264227,0.00016378767853325897
aVR,0.25,-0.03816312933340669,-0.020767410472035407,-0.10024212561547756,-0.08501631412655115,0.05313033809652552,0.07636163688730448,0.0001453866908610866,0.0001648896525446701
aVR,0.26,-0.032986394176259634,-0.023488454520702362,-0.09921906469389796,-0.08406756613403558,0.05481298920349218,0.07315526700112966,0.00014665219788973774,0.0001637446614687735
aVR,0.27,-0.031350333243608475,-0.021299513278063387,-0.09205649048089981,-0.07837297073565423,0.049461221182718874,0.06829671459272503,0.00014254475156971297,0.0001606519170481885
aVR,0.28,-0.03014757875353098,-0.02014428097754717,-0.07905482742935419,-0.06537806978449226,0.03831646017497405,0.05602478242944924,0.00014286708727625084,0.00016136983471575254
aVR,0.29,-0.026342310663312673,-0.01819550917716697,-0.06566648930311203,-0.047470081597566605,0.024915496702305973,0.04532590634189546,0.00014573931217770297,0.00016767058744002005
aVR,0.3,-0.02185918763279915,-0.015927851898595705,-0.0465079506393522,-0.03360934418160469,0.013380110147409141,0.028450028912629925,0.0001501742114185323,0.00016945367296087075
aVR,0.31,-0.020813636481761932,-0.013245191855821759,-0.03034104951657355,-0.020231992937624454,0.00105698355473578,0.012980950128985563,0.00014946863483115361,0.00016918703175371777
aVR,0.32,-0.016919066931586714,-0.010176835062884493,-0.0180569333024323,-0.008977284865613921,-0.0056351420818828045,0.004920931358356025,0.00015541616526898656,0.0001759724053572976
aVR,0.33,-0.015433384067728184,-0.0072428540734108555,-0.008086626417934895,-0.0008881021826709918,-0.012342413845908595,-0.0023863742022513226,0.00015172299459531572,0.0001753339607914221
aVR,0.34,-0.013486253097653389,-0.007374703936511656,-0.00034608216701599305,0.004036166705191135,-0.016262610122794285,-0.008404453314142302,0.00015433765247856304,0.00017655505691976622
aVR,0.35,-0.011478906311094762,-0.0040589891796116735,0.0018065430922433734,0.006211318797431885,-0.016704974354070146,-0.0077815271848521664,0.00015098979786498594,0.00017238146864972847
aVR,0.36,-0.009363100392511115,-0.003645291706197896,0.005300286462443182,0.00866860223468393,-0.016910919451038352,-0.00992560281410988,0.00015176616310655475,0.0001726345850997115
aVR,0.37,-0.008613904006779194,-0.00266486473265104,0.006512792315334082,0.010337185335811227,-0.017887671320931987,-0.010099457731121224,0.00014798969318069056,0.00016820421807181837
aVR,0.38,-0.006653158692643046,-0.001224823740631112,0.008962090325076133,0.011301876255311072,-0.01705624904134311,-0.011472075531492012,0.00014681357192893946,0.00016704474300131974
aVR,0.39,-0.006325398734770715,-0.0005868956133781484,0.008587394389905967,0.011289509013295174,-0.017080016538966448,-0.010190805657475724,0.00015111255905337682,0.00017460391549606162
aVR,0.4,-0.004671048252657783,-0.00021883765984966966,0.00888906432010117,0.012198252603411674,-0.01563243113096178,-0.010503571097979149,0.00014989691404498649,0.00017184576754973046
aVR,0.41,-0.004931635456159711,0.0003619970739237028,0.009103897027671337,0.012104026129236443,-0.01619156725355424,-0.009684353717057094,0.00014599276327823004,0.00016707696330193656
aVR,0.42,-0.003088515342096798,0.000856031090006581,0.009281273395754398,0.012048153206706047,-0.014333150227321312,-0.009616531256006058,0.00015512130292325032,0.00017697242274774478
aVR,0.43,-0.001303713868037448,0.002376844873651862,0.0087404100690037,0.011478297156281769,-0.011662169256669585,-0.007075589801752361,0.00014865798151264035,0.00017040154706128823
aVR,0.44,-0.002167531056329608,0.0015309252339505968,0.008575437898980454,0.011777096893638372,-0.012992413836764171,-0.00829267101100868,0.00015898272685036348,0.00018273997698979472
aVR,0.45,-0.0010593270664685404,0.0023625440750038224,0.007938520424067974,0.011504771228646855,-0.01154702263083891,-0.006685431482765127,0.0001532816726253863,0.0001783622618687824
aVR,0.46,-0.0010287415934726596,0.004815383756067604,0.007474069483578205,0.01147818164899945,-0.011633343997618794,-0.0043521110572328344,0.00016017781438699776,0.00018761536819081058
aVR,0.47,-6.179139018058777e-05,0.005184544273652132,0.007271040981868282,0.01088712991622742,-0.010398476431510062,-0.002840629077400082,0.00017094040257292637,0.0001991327557986857
aVR,0.48,-0.0006240399363377946,0.005357282636396118,0.007734222649014555,0.011419522692449387,-0.01084597320186731,-0.0032412370055681103,0.00017027223916420004,0.00019688890601143348
aVR,0.49,0.0009063301229616627,0.007910124026238918,0.00777099552215077,0.010915728705003852,-0.009096129941099207,-0.0010484402188012621,0.00017037882829311574,0.00019928914412280677
aVR,0.5,0.0012502661120379346,0.007851410191506147,0.008117078337818384,0.012353444786276667,-0.00936284563067602,-0.0018202024220954638,0.0001693392652982966,0.0002006487897810471
aVR,0.51,0.0027098690014099704,0.008725056657567617,0.009250722429715096,0.01267408932908438,-0.008579363831086085,-0.001999539726239164,0.0001659450677277275,0.0001921373996977991
aVR,0.52,0.004524652467807755,0.009778746613301335,0.008660666062496603,0.01338189902016893,-0.007275413300521905,-0.0005642551270284458,0.000170995197287295,0.00019914678656824522
aVR,0.53,0.0032598970574326813,0.009150819611386392,0.009602063838974573,0.013497050781734287,-0.008733387396205217,-0.0016047588589572117,0.0001738083469765812,0.00019902023182957052
aVR,0.54,0.004429571589571424,0.010232201311737299,0.010153648338746279,0.014674316626042128,-0.008976385011919774,-0.0020422250730916863,0.00016982481331063228,0.00019631400115399897
aVR,0.55,0.00227981626521796,0.009017437342845368,0.011393378488719463,0.015711843967437744,-0.011823511974944268,-0.004251144075533378,0.00016736804941285558,0.00019010105835906997
aVR,0.56,0.003583447411074303,0.009556716057704761,0.012340339098591358,0.016898758243769407,-0.011852002603700385,-0.00453878054395318,0.00017481879911542867,0.00020265572048920513
aVR,0.57,0.003837230149656534,0.010228810593980597,0.012171259045135229,0.017706730403006077,-0.011868909381882986,-0.004124722485357781,0.00016663873061178674,0.00019242133732096434
aVR,0.58,0.002731529696757207,0.009154050135111901,0.013587616581935436,0.017761792638339102,-0.013786288662231527,-0.006225588696543132,0.0001682944562984354,0.0001901789319184304
aVR,0.59,0.0025270226509746863,0.00896335334982723,0.013820965436752885,0.01951163538615219,-0.01460276505240472,-0.006417497509391979,0.00016996167094110445,0.00019591927645229716
aVL,-0.4,-0.0038152891895151695,0.0020988916512578726,-0.007957031947444192,-0.005299287068191917,0.0024114673979056533,0.008703029880052778,2.793778995539331e-05,3.311263909885976e-05
aVL,-0.39,-0.003209110723400954,0.0016245114027697123,-0.008315560757182539,-0.0055840840796008715,0.0030991584084404168,0.009020048214006237,2.8768031122246103e-05,3.481131649782667e-05
aVL,-0.38,-0.005576054693483457,3.477371110419331e-05,-0.0086804750142619,-0.0059551295125856996,0.0014700839703436941,0.007646354498501748,2.8054832578856118e-05,3.25247179335954e-05
aVL,-0.37,-0.0033124939320259726,0.0007780456799082458,-0.009608100424520672,-0.007143883421667852,0.004820541388471611,0.009623523714253679,2.698603663287477e-05,3.100543159117554e-05
aVL,-0.36,-0.005045627016806975,0.00037607613448926156,-0.009855545469326899,-0.007623518129912555,0.0034058999590342864,0.009509030556364447,2.673201870713317e-05,3.0452280073177347e-05
aVL,-0.35,-0.003967794351046905,0.0004395914809720095,-0.010179496381897479,-0.007917532854480668,0.0048053798334876776,0.009731660576653665,2.8739769281978238e-05,3.4351439332277355e-05
aVL,-0.34,-0.004322932740615215,-1.83395606654819e-05,-0.011361401993781328,-0.008089014701545239,0.0047257509460905565,0.01070396264840383,2.7544997397602036e-05,3.150066255042107e-05
aVL,-0.33,-0.005165106317144818,-0.0009042407668857795,-0.01128388475626707,-0.00808161562308669,0.004058160488784779,0.008914157858816907,2.6965115286558288e-05,3.0691865214053155e-05
aVL,-0.32,-0.004799361887853593,0.0006771507931261995,-0.010814509785268456,-0.008730398491024971,0.004870913901686436,0.01074243020775611,2.6184873401046943e-05,3.0316210838438036e-05
aVL,-0.31,-0.0035342372737432013,0.0012125578738050532,-0.011461051646620035,-0.008874561008997263,0.006315783430909505,0.012067286246019644,2.6482624052746224e-05,2.9945763777885785e-05
aVL,-0.3,-0.004585731658153236,0.0003764714150747744,-0.01197484127478674,-0.009081428835634144,0.005640893359668553,0.011349431927374098,2.6784595913781482e-05,3.0466248768027637e-05
aVL,-0.29,-0.0039051516505423933,0.001350279980397311,-0.01279339826432988,-0.00987029355019331,0.0072057507582940165,0.013086557958013143,2.633306044418482e-05,2.947284734732045e-05
aVL,-0.28,-0.004212308707064949,0.0018096233980031684,-0.012951765849720687,-0.010252052743453532,0.00733264995214995,0.014093869688804259,2.592331362056528e-05,2.9428533830845214e-05
aVL,-0.27,-0.0043923982753767635,0.0009457214619033039,-0.012311563827097416,-0.01000430589519965,0.006695483176736161,0.012478745938278734,2.5170853958937046e-05,2.8283937784695286e-05
aVL,-0.26,-0.0030476115993224085,0.0014112424338236329,-0.012643561279401184,-0.00999708753079176,0.007866897829808294,0.013444014014385174,2.5252501200815634e-05,2.9772966320372202e-05
aVL,-0.25,-0.002325232938892441,0.001244982812568196,-0.012062523001804947,-0.009823044903350819,0.008022097650245997,0.012589021709209192,2.4932015688194157e-05,2.8126867955139142e-05
aVL,-0.24,-0.0031815609370823947,0.000595659337341201,-0.012649694638093933,-0.009291168302297592,0.007576201474148547,0.012201755339447116,2.4181308321667474e-05,2.7265689797884374e-05
aVL,-0.23,-0.00405527203110978,0.0001683295889961256,-0.012288074003299699,-0.009753943886607885,0.006517450421233662,0.01155111051048152,2.377065016386534e-05,2.7055286447227904e-05
aVL,-0.22,-0.0039895399662782435,1.6407606381105458e-05,-0.011845760967116804,-0.00920359493175056,0.00576571527053602,0.010972606470022583,2.3438383541028237e-05,2.6836430387543338e-05
aVL,-0.21,-0.0034112008404918017,0.0007299557865735533,-0.01406303234398365,-0.010555078881588999,0.00788223979761824,0.013686023000173008,2.374965266310312e-05,2.686298193100425e-05
aVL,-0.2,-0.004873600887367502,-0.00105580460367492,-0.013332600382273085,-0.010812140069901943,0.006606141204247251,0.011194104897731448,2.3201339446164147e-05,2.6543116242618155e-05
aVL,-0.19,-0.004289154312573373,3.346861922182143e-05,-0.013977632392197847,-0.010756168776424603,0.007782872520328965,0.0125378850789275,2.3812562663719004e-05,2.6644628877109643e-05
aVL,-0.18,-0.006130120251327753,-0.0008311459510878234,-0.013507580879377201,-0.010635334067046642,0.00593881998793222,0.01156232338398695,2.353613836006124e-05,2.6715542369101044e-05
aVL,-0.17,-0.004966317709477153,0.0003418391851255325,-0.01489383021253161,-0.010194833704736084,0.006691704284457955,0.013766056478652899,2.406232420474304e-05,2.7518019154721476e-05
aVL,-0.16,-0.004673882396309637,0.0007408631468933819,-0.011297659575939178,-0.006639900652226064,0.0033416945720091463,0.010800008859587247,2.284020090165415e-05,2.603814852863486e-05
aVL,-0.15,-0.0023429421707987785,0.002914291847264394,-0.007973686064360663,-0.002700547391577858,0.0012742072372930126,0.00885552813342656,2.2399196615295117e-05,2.5356065629796413e-05
aVL,-0.14,-0.002912823809310794,0.003375701014010698,-0.002000601494364673,0.0024286722240503787,-0.00414959131849173,0.0034051898840516495,2.305102997081899e-05,2.6067010553723256e-05
aVL,-0.13,-0.0013064424274489284,0.003458697651512919,-0.0007117575991287593,0.003053767661913297,-0.0037255905296660783,0.0024101018563669613,2.2984809030503315e-05,2.5973862639709868e-05
aVL,-0.12,-4.928836788167242e-05,0.004508658071790705,-0.0001966262934729457,0.003737254950101486,-0.002585785533301532,0.0033660191689705242,2.111277017663809e-05,2.4065339241592484e-05
aVL,-0.11,-0.0003885071200784296,0.004617361824784892,-0.0018078063294524327,0.002082432678434998,-0.0010063698867270432,0.005422245039517291,2.0133262251833444e-05,2.2807205416795085e-05
aVL,-0.1,-0.0004820670943445293,0.005073298857314506,-0.004709114320576191,-0.001364761096192524,0.0021105579233790194,0.008360117477423042,1.866770013206433e-05,2.1294229193795998e-05
aVL,-0.09,-6.145417305560838e-05,0.003949469421058893,-0.008032748842379079,-0.004368831116835282,0.005504783808146385,0.010987907422531858,1.8548895607271768e-05,2.1781132284445686e-05
aVL,-0.08,-0.0010161820937355515,0.003963404335081577,-0.010985366854583845,-0.00729671900626272,0.007835958572286472,0.013703976417309603,1.9869741503987744e-05,2.26482406482402e-05
aVL,-0.07,-0.0005697834509192034,0.003511393888038582,-0.012822733022039757,-0.009018934433697723,0.00932904141373001,0.014582384784807797,1.9934417165711598e-05,2.320323943026353e-05
aVL,-0.06,-0.0032127874670550226,0.00211848821491003,-0.01567510368186049,-0.011316298507153988,0.009990658059541602,0.015526327257975935,2.2390288066044906e-05,2.6596721993933976e-05
aVL,-0.05,-0.0010442456732562277,0.005186975002288818,-0.017497533932328224,-0.013521187484730036,0.014513353788788663,0.02141291222651489,2.701375998310737e-05,3.3352560819821066e-05
aVL,-0.04,0.0014430273338803092,0.010981636820361006,-0.015026314184069633,-0.010484364919830125,0.014040544441741076,0.023962239810498432,3.6892440781578926e-05,4.78610169419675e-05
aVL,-0.03,0.018738949205726385,0.035804195515811425,-0.020723673421889542,-0.013169026467949155,0.03380265046725981,0.053317414061166336,6.78920465129648e-05,9.895961304570975e-05
aVL,-0.02,0.05141168413683772,0.09818411618471146,0.02791697558714077,0.04565381985157728,0.016435348079539835,0.06175422864034772,0.00011337406821912463,0.00014924864898413726
aVL,-0.01,0.1465599238872528,0.22515290267765523,0.2078799083828926,0.2439338646829128,-0.08696126975119114,0.00044220685958861546,0.00019076567917968764,0.00023012488671636695
aVL,0.0,0.20207121968269348,0.26631476655602454,0.30897004157304764,0.3708038713783025,-0.15545377349480988,-0.06368384528905155,0.00021819130467637849,0.0002642487774899297
aVL,0.01,0.1171186993829906,0.1834893312305212,0.14028967623598873,0.2124033324420452,-0.0739804063923657,0.02333105872385203,0.00015302710598801253,0.00019674030591198134
aVL,0.02,0.03609289138112217,0.08595332261174914,-0.0005470629213959907,0.03183368933387099,0.01465000156313181,0.07456754345403166,8.652079828455516e-05,0.00010996199858222273
aVL,0.03,-0.002039817516924813,0.015860518906265497,-0.012589274905622005,-0.0023725457722321153,0.004010014636151027,0.025887016323395066,4.5788536053631865e-05,6.076219344078637e-05
aVL,0.04,-0.011670309817418456,-0.002441281219944358,-0.01542332443059422,-0.009157385618891572,0.00037454757257364705,0.011874564320896747,3.089702434534864e-05,4.069973931457208e-05
aVL,0.05,-0.016215908480808137,-0.007414896594127641,-0.0171663464512676,-0.013150155730545524,-0.0012221699056681244,0.008371558849466965,2.5718276628303655e-05,3.230492053635148e-05
aVL,0.06,-0.01806380969937891,-0.010307868616655473,-0.019496906478889287,-0.015499043243471533,-0.0010446185711771249,0.007994141383096575,2.1266722494199057e-05,2.5854788278651504e-05
aVL,0.07,-0.02065620176726952,-0.013179916248191153,-0.01822281415807083,-0.015213949285680432,-0.004368242528289557,0.00408196490607224,2.0014963326065112e-05,2.3924560272693474e-05
aVL,0.08,-0.02042661567684263,-0.014374090824276209,-0.01818750612437725,-0.014196481538238005,-0.005287714581936598,0.0025140833633486123,1.9377032364669695e-05,2.2250349914146532e-05
aVL,0.09,-0.022121797315776348,-0.014215896837413311,-0.017694113356992603,-0.013751857448369265,-0.007215722580440342,0.002462002157699311,1.9742448890967564e-05,2.2843379547434488e-05
aVL,0.1,-0.020794136577751487,-0.014764676801860332,-0.016120775928720833,-0.011820541857741776,-0.007765527846640907,-3.89339809771653e-05,1.8961540498667463e-05,2.15621154508032e-05
aVL,0.11,-0.021030434244312345,-0.013517468411009762,-0.01494861210230738,-0.009301853919168941,-0.01015011013369076,-0.0012084715301170978,1.9317667465276038e-05,2.1998815977302235e-05
aVL,0.12,-0.020752996520604937,-0.01452336460351944,-0.012719314033165573,-0.008416969279642217,-0.010914238358964212,-0.003527312498772518,2.0579600867913856e-05,2.3432677010580303e-05
aVL,0.13,-0.02116822679527104,-0.013607736345147716,-0.010493695177137852,-0.005227718442620244,-0.014691017699078657,-0.005207711622142597,2.0142911150829463e-05,2.2986359177131678e-05
aVL,0.14,-0.0207436133408919,-0.013026373600587256,-0.007816489489778177,-0.0019492003862978911,-0.016714831168792445,-0.007528809775249104,2.2318740563591094e-05,2.5649439536390267e-05
aVL,0.15,-0.0212459031958133,-0.014118113415315749,-0.004256922984495759,0.00029735774551227056,-0.01989432038285486,-0.011141578664319241,2.2871958183783777e-05,2.6278809985869594e-05
aVL,0.16,-0.021217125665862112,-0.01432400365883951,-0.002424299018457532,0.001625848616095026,-0.02128069451846386,-0.013978878676152827,2.584419487754507e-05,2.9891726212393425e-05
aVL,0.17,-0.020863051631022245,-0.012965050456114117,0.001304689495736966,0.0065459464065497725,-0.02622592719271779,-0.016546784839010797,2.635833595893664e-05,3.041216042550173e-05
aVL,0.18,-0.02046739016659558,-0.011520846834173431,0.004226327640935779,0.01153504502726718,-0.030376797821372748,-0.01803803398506716,2.8707437665984866e-05,3.293918834831872e-05
aVL,0.19,-0.020908882841467857,-0.010939645982580275,0.010086344124283641,0.017770980647765094,-0.03660197865683586,-0.024165140697732575,3.076728407433461e-05,3.582343106481706e-05
aVL,0.2,-0.01940515625756234,-0.009051953442394733,0.016951021505519748,0.02244330756366253,-0.04008160582743585,-0.028244571929099044,3.112591992465396e-05,3.646358753502147e-05
aVL,0.21,-0.01750360243022442,-0.006567270494997501,0.02021301630884409,0.030211794620845465,-0.04368345938855782,-0.028673483256716287,3.1959117052432834e-05,3.713499757739884e-05
aVL,0.22,-0.016193104907870293,-0.0020211088267387827,0.02499152736272663,0.03540404373779893,-0.04842109288438223,-0.03103526180493646,3.328372805743724e-05,3.906052884682598e-05
aVL,0.23,-0.01152697205543518,-0.0008795184747214134,0.028761004004627465,0.04001694079488516,-0.04775888629374094,-0.03355582491494716,3.403670188046297e-05,4.003294937871529e-05
aVL,0.24,-0.007881352582626278,0.001366382697597146,0.03156932629644871,0.041390638286247845,-0.046476803903351536,-0.03338425670135622,3.5032536353314836e-05,4.107486700243127e-05
aVL,0.25,-0.005896398723689344,0.0029102322205289866,0.03198549784719944,0.04179628472775221,-0.04529231187552796,-0.03160840903738063,3.4621451134320526e-05,4.0200494529580156e-05
aVL,0.26,-0.003996663843281567,0.004995142597181255,0.02721853053662926,0.038637145236134526,-0.039259092324937225,-0.025769027939531956,3.409676755211927e-05,3.971866207321093e-05
aVL,0.27,-0.0027038077372708354,0.0047872876952169425,0.022593095200136304,0.033619206724688405,-0.034776389080798255,-0.02010561135903118,3.3597348272002e-05,3.988699793879336e-05
aVL,0.28,-0.0018422811815980821,0.004324343455300547,0.01808588206768036,0.02461784828919917,-0.023707470203225965,-0.014190436852368296,3.274018677405058e-05,3.91614091494541e-05
aVL,0.29,-0.003360592294484377,0.004712453531101343,0.009319985797628761,0.01803388074040413,-0.018396529345773162,-0.006630076974397526,3.243506655837569e-05,3.885788942711881e-05
aVL,0.3,-0.0028272437688428905,0.0027085534517937034,0.0029333389829844236,0.009740287903696299,-0.010923612199258059,-0.002057135363156705,3.0838403378835487e-05,3.805431807041233e-05
aVL,0.31,-0.001956915933988057,0.0028182925889268483,0.0010698393802158535,0.005268357106251631,-0.0056766566311125645,0.0003556146371693101,2.8301009132265018e-05,3.452421325827784e-05
aVL,0.32,-0.0014752638544450747,0.0040911599062383175,-0.001256144266517367,0.0020150805448793108,-0.002056109752265911,0.0044354735757224225,2.663863322603217e-05,3.150483060107387e-05
aVL,0.33,-0.0022264449085923842,0.0029385658606770446,-0.004171811467676889,-0.0006929153973032953,-0.00014852097810944543,0.0054752556425228215,2.6200330453869414e-05,3.0982160264482054e-05
aVL,0.34,-0.0038173551263753326,0.002696375774394253,-0.006533070612931624,-0.002735121879959486,0.0006001533431117423,0.007840283050609286,2.7126310757248863e-05,3.405862005355927e-05
aVL,0.35,-0.003923899454821367,0.0012061642133630807,-0.008337842498440296,-0.005261255428195,0.002672233499470167,0.009075479735110999,2.583801056291473e-05,3.201017488292456e-05
aVL,0.36,-0.003934129342087545,0.0008855495892930765,-0.008766984392423183,-0.005752660642610863,0.0032995251021930017,0.008977893664632572,2.455211245451442e-05,2.8955643095272343e-05
aVL,0.37,-0.004329122112540063,0.0004812958650290966,-0.010353613868937827,-0.007795614177666721,0.004338269137952011,0.010038875606733198,2.360175261095671e-05,2.736292443916396e-05
aVL,0.38,-0.0036386591382324696,0.0013218689891800735,-0.011208169162273407,-0.008465523396444042,0.0061398307385388765,0.011706494030477188,2.3566469585373466e-05,2.829683760131604e-05
aVL,0.39,-0.004876495979260653,0.0005714746672310855,-0.012192326597869396,-0.009521580162981992,0.005939881580707152,0.011798330810870538,2.334970359180526e-05,2.9219811765631737e-05
aVL,0.4,-0.0034994044843188023,0.00010763512545963749,-0.012669271952472628,-0.009962566540343687,0.00727034947485663,0.011798356434883316,2.3456710169840463e-05,3.0418925483813506e-05
aVL,0.41,-0.0026388272541225887,0.0019839964865241183,-0.013365260639693588,-0.010720070893876256,0.008828293910482898,0.014387233232218929,2.3754770863661837e-05,2.8592980782085613e-05
aVL,0.42,-0.001941685623023659,0.0015531217868556253,-0.012847238825634122,-0.010306491516530514,0.009076792756968644,0.013460147360456176,2.4909481748353294e-05,2.9307470871716105e-05
aVL,0.43,-0.0029467046959325673,0.001016107271425426,-0.012100671074585989,-0.009872172283940018,0.007599103776738047,0.012508055371290537,2.5883249461983625e-05,3.167868709591488e-05
aVL,0.44,-0.0038286115770461036,0.00041213061194866896,-0.012453344650566578,-0.009315134334610778,0.006611749864532612,0.01203263501374749,2.8132643871939887e-05,3.5460983826731145e-05
aVL,0.45,-0.0032351741538150236,0.0014850481860776191,-0.012676077417563648,-0.010545296472264454,0.008022446614631917,0.013377213063358791,2.848680542264832e-05,3.469745035371876e-05
aVL,0.46,-0.003856327780522406,0.000899403472431004,-0.01350507342722267,-0.010229960514698178,0.0074545703319017775,0.013109830030589364,2.828955403477515e-05,3.45452836818995e-05
aVL,0.47,-0.006110559331136756,-0.00029515381902456284,-0.012949435808695852,-0.010455008817370983,0.004957070364616812,0.011547559107020787,3.123390770196084e-05,4.012831095631101e-05
aVL,0.48,-0.00409292119766178,0.0008761230856180191,-0.013127047976013273,-0.010170169919001637,0.006989430924295448,0.012875298898870817,3.125370100599839e-05,4.104936100552001e-05
aVL,0.49,-0.005590879346709698,-0.00027507870745466966,-0.012914142059162258,-0.009607920423150063,0.005376099326531403,0.011849187751067799,3.174240189082944e-05,3.942390415416177e-05
aVL,0.5,-0.005135956249432638,-0.0002038402013567977,-0.01222901641158387,-0.009319612826220692,0.004796919703949243,0.010826839553192254,3.058230885712837e-05,3.6856118124900155e-05
aVL,0.51,-0.005036863975692541,9.697501081973314e-05,-0.012946493458002806,-0.010267011198448018,0.005961201986065134,0.012190462829312307,3.1943576963332e-05,3.918223556517193e-05
aVL,0.52,-0.0026368903927505016,0.003639055746316437,-0.012171965034212917,-0.009528415079694244,0.007895297682989622,0.01469981851696502,3.3932666391984346e-05,4.4063463297688064e-05
aVL,0.53,-0.00011384881534013399,0.005532486390438857,-0.011950493004405871,-0.009230813011527061,0.009975558673340856,0.016411620108942763,3.538819669045443e-05,4.5458769018279446e-05
aVL,0.54,-0.00026252163297613146,0.00493727431166917,-0.01214807275100611,-0.009521972975926473,0.010470935186913267,0.01621847999958845,3.643660005540012e-05,4.684219342384963e-05
aVL,0.55,0.0003118646476650611,0.005268579065887024,-0.012102195993065834,-0.009105126920621842,0.010039862603298389,0.016945471515646203,3.643770864056045e-05,4.583329491454938e-05
aVL,0.56,0.00033947760894079696,0.006677071773447095,-0.012313118361635133,-0.009770086861681194,0.010842547226638998,0.01736529726185836,3.7984631333397244e-05,4.878802011173682e-05
aVL,0.57,0.002184537237917539,0.006412805512081829,-0.012234120932407676,-0.009079970419406891,0.012566695557325147,0.01808667705627158,3.9016877548933206e-05,5.243792531036275e-05
aVL,0.58,0.0008113931326079182,0.007893863206845705,-0.011927876085974277,-0.008368345908820629,0.01061684445762694,0.01893930036167148,3.898366677577799e-05,5.2977328968914146e-05
aVL,0.59,0.001342789619229734,0.006320361979305744,-0.010408946598181501,-0.007733838562853635,0.010162258741911501,0.015867177743348292,3.7159050384318355e-05,5.152016849146149e-05
aVF,-0.4,-0.003106206729717087,0.004061101644765586,-0.0008131877984851599,0.001660403679125011,-0.0035233109469118063,0.004097329754131351,3.190714961191309e-05,3.71717748427743e-05
aVF,-0.39,-0.0008421757374890149,0.004372990061528981,-0.002000705189129803,0.0010125123662874103,-0.0007521305266891432,0.005513753369450568,3.162228530298721e-05,3.662778504488463e-05
aVF,-0.38,-0.0018651091726496814,0.00543699850095436,-0.0012004114978481084,0.0013227053277660161,-0.0017654555819717644,0.005313303668663138,3.204972307727787e-05,3.6887806732596796e-05
aVF,-0.37,-0.0010434869036544114,0.004923268686980009,-0.0025132661015959457,7.97023894847358e-06,0.0001215850093103655,0.006261619076394709,3.1915877171637296e-05,3.665687293679284e-05
aVF,-0.36,0.0004271851201337995,0.00488058973569423,-0.0018228334200102835,0.0002631934366945642,0.0005978512406045411,0.005651688635407475,3.218337558926732e-05,3.736897285921894e-05
aVF,-0.35,0.0005341309006325901,0.0057719224714674056,-0.0040084659587591885,-0.000831579686928309,0.0024915448091633154,0.008389825114136327,3.244940114141899e-05,3.714043631326695e-05
aVF,-0.34,0.00040105171501636505,0.0061741955141769705,-0.0038312997785396874,-0.0009909545915434137,0.0020243388695234898,0.008686992444563656,3.219554738967445e-05,3.7173905736313985e-05
aVF,-0.33,0.0011862493571243248,0.00629722622979898,-0.004769121727440507,-0.002185440265748186,0.004309321776781871,0.010002907722446247,3.2585607589248174e-05,3.7732241320310405e-05
aVF,-0.32,0.0006500283059722279,0.006247336859814823,-0.005023387912660837,-0.0019581448286771774,0.003993087619710423,0.009669000568101178,3.25974030813223e-05,3.7468567608841345e-05
aVF,-0.31,0.0017483853007433936,0.008021819870918987,-0.006183724501170218,-0.002784594055992785,0.006209580953873228,0.012804376021085773,3.052182131294222e-05,3.567160740294227e-05
aVF,-0.3,0.0011076394424890169,0.007540384940875799,-0.0059143719263374805,-0.003376744139677612,0.005194048232806381,0.012371230882126834,2.9733902852989492e-05,3.487886669085524e-05
aVF,-0.29,0.0025781765652936883,0.007987518131267279,-0.00666275161493104,-0.004021520080641494,0.00790141793040675,0.013746193665429018,3.0174459456816895e-05,3.471701673445884e-05
aVF,-0.28,0.0014341282709210647,0.00794460552569944,-0.006717848125845194,-0.0040852069272659785,0.006308359915419714,0.013932453200686722,2.876268635140069e-05,3.341403012090793e-05
aVF,-0.27,0.000841798946930794,0.0066300127655267715,-0.0071440113111748355,-0.004676282999571414,0.006021457840688527,0.013004510732935157,2.775065658854163e-05,3.203512774999268e-05
aVF,-0.26,0.0014581365165213355,0.006781031843274832,-0.007967371499398723,-0.004684875725070015,0.007025162369973259,0.012935983776696953,2.7733413272649995e-05,3.181814093491296e-05
aVF,-0.25,0.0007753338330076077,0.006358166702557351,-0.008999077911721543,-0.005602858494967222,0.007424686168178596,0.014111132884863762,2.7142092730544755e-05,3.170143752014134e-05
aVF,-0.24,0.0013379798314417713,0.005709308199584484,-0.0075990380719304085,-0.004881980828940868,0.006731780519476161,0.012307792459614574,2.64719657568032e-05,3.052197515671925e-05
aVF,-0.23,0.0008358862442037207,0.006654616096056998,-0.006597412284463644,-0.0031983469089027503,0.004913839214259497,0.011753853282425552,2.6576983099722876e-05,3.0439502147198908e-05
aVF,-0.22,0.0015269810781319392,0.006821205711457877,-0.0055664790015725885,-0.0016955042068730116,0.004545699572190642,0.010839112164103422,2.686703106448576e-05,3.108393102620689e-05
aVF,-0.21,0.0014162911102175713,0.005776984377007466,-0.0034438173053786157,0.000281968343233527,0.0020474549506502627,0.0084028569774091,2.7043311538051207e-05,3.074470355157295e-05
aVF,-0.2,0.0024398149733315224,0.008694556308910247,-0.0011083567129389848,0.002114721341058612,0.0018402282810711767,0.008262903856393677,2.7942049919924207e-05,3.1909292547594536e-05
aVF,-0.19,0.0030915253548300823,0.011459643975831567,0.002803529593802523,0.008560687536373734,-0.0038952177856117487,0.006994769704760984,2.737848337207011e-05,3.1758948398584814e-05
aVF,-0.18,0.002456255117795081,0.00809532217681408,0.012877107132226229,0.017453821212984617,-0.013301318329467904,-0.005699569985154087,2.853501676564252e-05,3.308141448101009e-05
aVF,-0.17,0.003721591900102794,0.010997187194880095,0.019109418615698814,0.02540972363203764,-0.018424360669450836,-0.00926215685904027,2.7851960843290157e-05,3.3280359482372573e-05
aVF,-0.16,0.004468431137502194,0.012285503605380653,0.02133842490147799,0.02834555439185351,-0.021119743993040174,-0.010609028477119864,2.830453467559226e-05,3.327112733012351e-05
aVF,-0.15,0.0026008763816207647,0.011049803579226134,0.020611696445848794,0.027747998014092445,-0.021448886503640095,-0.01162999710068108,2.7662178890266123e-05,3.258686981293646e-05
aVF,-0.14,0.002177307405145257,0.009760341059882193,0.01777929056552239,0.023834907263517374,-0.018525291262631072,-0.009368323994567619,2.8049622579702783e-05,3.360733606343465e-05
aVF,-0.13,-0.0025701792922518505,0.0033792360918596387,0.008341415422910359,0.01575354753877036,-0.016640563834880596,-0.006526845404005146,2.7546578321361815e-05,3.3569340023338204e-05
aVF,-0.12,-0.007217613136162981,0.0010948767216177617,-0.0020640299051592594,0.004168039321666582,-0.00850095637870254,0.0017572997132447186,2.650833766819685e-05,3.35454218905506e-05
aVF,-0.11,-0.009413025830872357,-0.002765022498351756,-0.0126636428758502,-0.0067348925047554156,-0.0010231899344944396,0.008607814328570376,2.4795827016451156e-05,3.128814641922696e-05
aVF,-0.1,-0.013755527063040063,-0.007123795103689192,-0.020626703277230263,-0.017760734749026598,0.005322353646624834,0.012337562516404431,2.2851123496148023e-05,2.8052119926279782e-05
aVF,-0.09,-0.01717888789717108,-0.009380191197487876,-0.025709370151162148,-0.021318084932863714,0.0053284568944945935,0.014482518378645177,2.3096697428870512e-05,2.6924008603347677e-05
aVF,-0.08,-0.0183830181020312,-0.01079525792738423,-0.030305729457177223,-0.02599228268954903,0.008911021758103743,0.017654614552157,2.298110328447029e-05,2.6659676085248316e-05
aVF,-0.07,-0.022904131561517715,-0.015803956077434123,-0.033478353172540665,-0.02973451279103756,0.008172781695611775,0.015937430452322585,2.5105062668784205e-05,2.958073075301715e-05
aVF,-0.06,-0.022873928770422935,-0.011477540247142315,-0.03384791649878025,-0.030315816344227642,0.009478746599052101,0.0206621449033264,3.150988719442053e-05,3.7925559991026965e-05
aVF,-0.05,-0.02219396971631795,-0.013042083941400051,-0.03285846507642418,-0.02950207863468677,0.008034087187843398,0.018562205380294468,4.0859079745257106e-05,5.24550529737006e-05
aVF,-0.04,-0.026334109355229885,-0.015514958085259425,-0.03635843521915376,-0.030594038125127555,0.006275895913131535,0.019242270733229816,5.3210186789436356e-05,6.77271696175561e-05
aVF,-0.03,-0.04545518239028752,-0.02687881827587262,-0.037343029375188054,-0.029714722465723754,-0.012433479260653257,0.006886349816340953,6.131563729966778e-05,7.805737710147173e-05
aVF,-0.02,-0.05143917689565569,-0.01804228313267231,-0.014208407379919663,0.0019405702478252351,-0.04753858342155581,-0.008954943506978457,7.960045492901984e-05,9.669561947460029e-05
aVF,-0.01,-0.040132004045881325,0.03254842159803954,0.08435361087322235,0.11016027759760619,-0.13974717329256237,-0.06167931680101905,0.00011158743834446066,0.0001297368156884778
aVF,0.0,-0.04872828888474032,0.10109306089580058,0.2041952557861805,0.26156942788511506,-0.2832936430349946,-0.11443201545625929,0.0001701400394259207,0.00020274058355544496
aVF,0.01,-0.07603983231820166,-0.011288765084464117,0.07110801879316568,0.12532317810691893,-0.1825953415594995,-0.09379958050558344,0.0001175301884311881,0.0001416524015228613
aVF,0.02,-0.1147721815854311,-0.0720655415207148,-0.05092609329149127,-0.02691681815776976,-0.07624368437100201,-0.02775010270997884,7.249661675046504e-05,8.925854058531411e-05
aVF,0.03,-0.05924689769744873,-0.032892796001397086,-0.05218476802110672,-0.0372497702483088,-0.015330008650198578,0.013944936031475655,5.064698079589383e-05,6.208503839888139e-05
aVF,0.04,-0.03848147206008434,-0.025859127729199828,-0.03446433148346841,-0.025799990922678272,-0.010456140502355993,0.006075301056262103,3.6779018928480956e-05,4.615435405390052e-05
aVF,0.05,-0.03086371161043644,-0.018764235079288483,-0.02786029689013958,-0.023001402616500854,-0.006639615457970649,0.0067562244599685,2.919336796031394e-05,3.498345730750685e-05
aVF,0.06,-0.027663200616370887,-0.01830629943870008,-0.028708345629274844,-0.024227116897236556,-0.0020601246040314438,0.008753569656983014,2.5138375259090097e-05,2.9896544933144845e-05
aVF,0.07,-0.021189778530970215,-0.015107219107449055,-0.025721429684199392,-0.022032386902719737,0.0021680408623069524,0.009057078568730503,2.335680618720737e-05,2.7409691724289533e-05
aVF,0.08,-0.01885348141659051,-0.010866504162549973,-0.025762785552069546,-0.021860570274293424,0.004880202119238675,0.013089341018348931,2.2450388489075677e-05,2.6656773151961256e-05
aVF,0.09,-0.016050728037953377,-0.009814017883036288,-0.02300202320329845,-0.01994448498589918,0.004591580358101055,0.011926285436493343,2.215274634935352e-05,2.61389637176199e-05
aVF,0.1,-0.014995377603918314,-0.006910015139146712,-0.022939794627018274,-0.019755680114030838,0.0059158982476219535,0.014183243658044372,2.1301778689726996e-05,2.4782362523486932e-05
aVF,0.11,-0.01341861825203523,-0.00636802156222985,-0.020207545964512973,-0.01673149135895074,0.005160568177234382,0.012894581144792017,2.20355795759878e-05,2.584590655621669e-05
aVF,0.12,-0.013344670366495847,-0.003138560030492956,-0.019498143228702247,-0.014824523427523677,0.0035355624626390637,0.014686868336866608,2.1909118678994207e-05,2.540301347937195e-05
aVF,0.13,-0.008150857253349386,-0.0012367771327262795,-0.016942450776696205,-0.011660596635192633,0.004847701676771976,0.013895042390322486,2.4740184275182777e-05,2.871309002580973e-05
aVF,0.14,-0.007111877202987671,0.0005082580610178368,-0.014340950921177865,-0.008131783339194957,0.003180001559667289,0.013514417301485072,2.6340966254022092e-05,3.142961760965724e-05
aVF,0.15,-0.004945531458361074,0.002553801232716062,-0.011386759058223107,-0.005237892270088196,0.0020775908196810633,0.013038427708670482,2.8719356125057172e-05,3.454711044330476e-05
aVF,0.16,-0.0023879827132986973,0.006622768956003705,-0.006689673673827201,-0.0012606853360921386,-0.000270546467800159,0.011923425208078695,3.162935434373318e-05,3.863262653875868e-05
aVF,0.17,0.0014922664033292677,0.013273145537823439,-0.0007866054605983663,0.003956656159789417,-0.0002275047401781193,0.01225018947443459,3.474607319210592e-05,4.258816493336214e-05
aVF,0.18,0.003887022017443087,0.018646467983489845,0.0024327334829649773,0.009644921484868972,-0.003984168873284943,0.014003728912211952,3.6465703671782156e-05,4.50356490663252e-05
aVF,0.19,0.009055377915501595,0.024049470899626613,0.010104029544163496,0.017780710943043232,-0.006500000352389179,0.01131041375920176,3.8913008101445043e-05,4.8057003215036795e-05
aVF,0.2,0.015644389094086365,0.030300267040729523,0.01713020127499476,0.022512292489409447,-0.005099078128114343,0.0111248743487522,4.126569775611126e-05,4.996859974288167e-05
aVF,0.21,0.01962443448137492,0.03417985317064449,0.023606130253756418,0.03210792546160518,-0.009727265231776982,0.007867043302394443,4.311922693699935e-05,5.1606448721643054e-05
aVF,0.22,0.02202032972127199,0.03715923298150299,0.02998443879187107,0.03898388464003801,-0.015807876869803294,0.002741590095683932,4.22494468890541e-05,4.948657586740366e-05
aVF,0.23,0.021249407168943437,0.03844926506280899,0.03865026698913425,0.04649938950315117,-0.021207043412141503,-0.0026443749200552877,4.430979114738556e-05,5.186535807986094e-05
aVF,0.24,0.020037859538570048,0.03842177614569664,0.04207167173735797,0.0524373376276344,-0.029048416460864247,-0.007544478587806226,4.251861103160432e-05,4.99993326936169e-05
aVF,0.25,0.01940630505559966,0.03463404469657689,0.04365240726619959,0.055499085062183436,-0.03271879001986235,-0.01157860085368157,4.194740578711504e-05,4.9363766769242766e-05
aVF,0.26,0.019014028133824468,0.03180126235820352,0.04371973820962012,0.05354968796018511,-0.032061751908622683,-0.014739342755638082,4.050399085716347e-05,4.762612861425986e-05
aVF,0.27,0.017347552254796027,0.02534118250478059,0.0406050905585289,0.051572218118235466,-0.031806774181313814,-0.016678390465676794,3.9712510908493255e-05,4.575763793793806e-05
aVF,0.28,0.013874153024517,0.02244000295177102,0.03758181445300579,0.04557374757714569,-0.028443663334473967,-0.01652023708447814,3.722718926107895e-05,4.356526702355525e-05
aVF,0.29,0.013058387336786837,0.022027505561709404,0.030228396179154515,0.04006798919290304,-0.02510318688582629,-0.010966677172109486,3.5079686563411037e-05,4.1293924001605493e-05
aVF,0.3,0.010966670888592489,0.019957268610596657,0.021509116515517235,0.029693545179907226,-0.015892347693443297,-0.0034743369556963564,3.326561328067005e-05,4.026351041575923e-05
aVF,0.31,0.00873765000142157,0.017780359834432602,0.01829943060874939,0.022530680522322655,-0.012595840531866997,-0.002731255476828665,3.280835262396743e-05,3.957405198680405e-05
aVF,0.32,0.008001095848158002,0.01695269867777824,0.012675299309194088,0.01754214370157569,-0.007649364834855987,0.0024544312327634535,3.136603607382819e-05,3.765912838556232e-05
aVF,0.33,0.007276350585743785,0.014139941893517971,0.006402031984180212,0.012464742216980084,-0.0025533090927638115,0.006646194250788537,3.1200810311112595e-05,3.7657299389118804e-05
aVF,0.34,0.005761396593879908,0.012909652444068342,0.003770336596062407,0.0069522770179901265,-0.00012808261344616757,0.008104198599176013,3.0005450378946697e-05,3.6437355810216214e-05
aVF,0.35,0.0036014842422446235,0.01077889086445793,0.000889588733753044,0.005035139457868353,0.0007874428192735652,0.008508176208306392,2.9386524953325848e-05,3.5990308470075186e-05
aVF,0.36,0.0025217733171302827,0.009172896193922496,-0.0006526636481794412,0.0024811861920170483,0.0016142823689733632,0.008999193637282587,2.874607377117668e-05,3.4872896126568113e-05
aVF,0.37,0.0018047936027869582,0.007334810681641102,-0.001051480183377862,0.0014275026893301385,0.001728040173475165,0.007551197535940446,2.8922424790924118e-05,3.468248954453979e-05
aVF,0.38,0.001451545641566554,0.008334672078490257,-0.0027314652543282136,-0.00035275460686534643,0.002634671155101387,0.009890047367662184,2.893523320049986e-05,3.456669345197902e-05
aVF,0.39,0.0012766495216055774,0.007726785075647057,-0.0028762270230799913,-0.0001668463474743479,0.0027072105865954656,0.009620641064975637,2.941589110989803e-05,3.4491432905877153e-05
aVF,0.4,0.001579999108798802,0.007161044198437593,-0.0029846231918781996,-0.0005102989380247891,0.002826281734814984,0.009124493443232493,3.0177285170041426e-05,3.795864705690981e-05
aVF,0.41,-5.226132179814154e-05,0.007091175299137831,-0.0022194393823156133,2.1368264037845257e-05,0.0009594451110388037,0.008179684037168037,3.065119292223232e-05,3.708544596989722e-05
aVF,0.42,-0.0005499618884641678,0.006974495555914469,-0.002054909593425691,0.00012103966782887925,0.00026961657131323617,0.007928514459126745,3.087079656839197e-05,3.649061459205912e-05
aVF,0.43,9.320839562860784e-05,0.006188095547258854,-0.0019163984157785307,2.7635354308585406e-05,0.0010499127427465282,0.007424642065871012,3.102522231756416e-05,3.64963304218717e-05
aVF,0.44,-0.001782766988617368,0.004152332729427144,-0.0019572711251385046,0.00027694935779436447,-0.0012107704707887024,0.00526517033285927,3.166641131392837e-05,3.763753186501871e-05
aVF,0.45,-0.0016660438559483737,0.005316905677318573,-0.0011648490184597903,0.000574092115766688,-0.0012637969808565685,0.005443021392966327,3.318540587316578e-05,4.0706585900630685e-05
aVF,0.46,-0.002363672072533518,0.0038760705683671356,-0.0003746532362129073,0.0019260542918345888,-0.0033618664212553993,0.0032922065521233885,3.278993457212799e-05,3.870467504733192e-05
aVF,0.47,-0.0029346655133849707,0.0028608211170649146,-0.0011132863073726185,0.0009630636284782652,-0.003403686054298305,0.003643340877897569,3.442804415202565e-05,4.221832010999408e-05
aVF,0.48,-0.004800417233491316,0.0014322135728434642,-0.001027425868778664,0.0010601868959838612,-0.0045811813710315615,0.0018982494490046506,3.431844694816189e-05,4.351883414860111e-05
aVF,0.49,-0.004361820250051096,0.0012900932852062366,-0.0014724403619766236,0.0008229992417909665,-0.0037617490978846036,0.0017164713881356874,3.3819947634922256e-05,4.1851768444248354e-05
aVF,0.5,-0.007080431096255779,-4.337768768891692e-05,-0.0020465693771257064,0.00046881434282113293,-0.005948494354743161,0.0010194251364737264,3.415455713966924e-05,4.180458024459996e-05
aVF,0.51,-0.0070478125533554705,-0.0014039385656360586,-0.00273964018560946,0.00046583303592342376,-0.006473040548530662,0.0008803041009969074,3.527756692106334e-05,4.460418610155459e-05
aVF,0.52,-0.008417605189606547,-0.001326348981820047,-0.002488613563764375,0.0004865356895606965,-0.00726616345164075,0.0006098000067140647,3.585176489808236e-05,4.436526969795894e-05
aVF,0.53,-0.010135040618479252,-0.0027775662427302495,-0.002999264048412442,-0.00016555628230321566,-0.00910468289803248,-0.0008882892489054957,3.5408821738175434e-05,4.2267222480570025e-05
aVF,0.54,-0.010137284609663766,-0.0025517335161566734,-0.00503580248914659,-0.0017159285489469767,-0.007349963078740984,0.00100242544140201,3.57118526464699e-05,4.339734464205749e-05
aVF,0.55,-0.011953446373809129,-0.005876967879885342,-0.00571396182931494,-0.0020964850293239586,-0.008931219307123683,-0.001201677983044647,3.711557075241058e-05,4.463579302647368e-05
aVF,0.56,-0.013692622509552166,-0.005513555042853113,-0.007027578155975789,-0.003317480682744648,-0.009320177126210184,0.00048548382765147604,3.816571643057811e-05,4.563789593749655e-05
aVF,0.57,-0.01368534006178379,-0.005141492577968172,-0.008726844523334876,-0.0053712507969066875,-0.007105279857933055,0.002346457421663216,3.591350037312491e-05,4.246601031683973e-05
aVF,0.58,-0.014804007750353777,-0.0068504943657899334,-0.009971434959879844,-0.0055668678636720875,-0.007977070671768161,0.0009702302748337377,3.4218351265887556e-05,4.0726294941280386e-05
aVF,0.59,-0.014757371507585049,-0.007133668754249811,-0.010042990557849407,-0.006082626304123555,-0.008117843617219478,0.0005579573364229867,3.330835948187989e-05,4.0071272243551626e-05
V1,-0.4,0.0037955400097416715,0.013051211347919887,0.004558096639811993,0.008910379372537136,-0.0034023073501884935,0.0071052735234843544,7.1524414234187e-05,8.95603447228462e-05
V1,-0.39,0.0032069154549390078,0.01133970590308308,0.004761804477311671,0.00832354393787682,-0.0038565755123272536,0.005340670433361083,6.486386990251843e-05,8.010070308188252e-05
V1,-0.38,0.0012245884565345478,0.009756215149536729,0.004496678314171732,0.00826147198677063,-0.0058131749072344975,0.004019501384118484,6.115633142919828e-05,7.600694067722789e-05
V1,-0.37,0.00021398238536676222,0.007697278168052435,0.004438453511102125,0.008395396394189446,-0.006075208328547887,0.0021439531992655247,6.126610937953919e-05,7.439658037662311e-05
V1,-0.36,0.0019194713240722194,0.007704226416535673,0.0037511235306737943,0.007188168354332447,-0.003992458739958238,0.002658807115949456,6.16876574992968e-05,7.587297867605636e-05
V1,-0.35,0.00153657840564847,0.00708255087956786,0.0040758312272373585,0.007563928180024959,-0.004639639779634308,0.0022597889328608276,6.303824710976044e-05,7.70846142509259e-05
V1,-0.34,0.0023044278495945036,0.008222198238945563,0.004220674475072884,0.007561707872082479,-0.0040414771523501255,0.003054837905801824,6.056010937615475e-05,7.31624585872695e-05
V1,-0.33,0.001976466563064605,0.0067139466700609765,0.004477905575186014,0.0077275913645280525,-0.004906702990047052,0.0014512247100356018,5.9396661789815086e-05,7.202355732569202e-05
V1,-0.32,0.0008783447556197643,0.00609403065172955,0.004237030167132616,0.007344658218789844,-0.005019790643746092,0.0009691707600723017,5.8075191350096645e-05,7.01951554993245e-05
V1,-0.31,0.002219142687681597,0.007570802932605147,0.003366720676422119,0.007537882047472522,-0.004293447593954625,0.0027303178725560425,5.603606408640167e-05,6.566188249555979e-05
V1,-0.3,0.0005048778999480419,0.005783481746129834,0.0037580902338959278,0.007478443693253211,-0.005822709356107225,0.0008086641289992248,5.4488444033906565e-05,6.588046794101455e-05
V1,-0.29,0.0004751328087877482,0.005983446101890876,0.004342239984543994,0.007137561170384288,-0.005721404889482073,0.0005635512177832422,5.3180936964102295e-05,6.411405672730561e-05
V1,-0.28,-0.00010633274087012962,0.00544145733147161,0.0038724170299246907,0.0067148296831874175,-0.0055089837116611305,0.0006307996241957881,4.9969156716696846e-05,5.881406517934557e-05
V1,-0.27,-0.0003039194270968437,0.004207005689386277,0.004056129269883968,0.006485119383432903,-0.006052226171232178,-0.001016653032274919,5.049709705692418e-05,5.970219083463343e-05
V1,-0.26,-0.00013870850671082735,0.005033087939955292,0.003580630979558919,0.006223729345947504,-0.005529224626661744,0.0002158884281811876,4.853324641093198e-05,5.6074592344052584e-05
V1,-0.25,-0.0008684513417392735,0.0048813101515406705,0.004392331722192467,0.006583366368431598,-0.006645326579473476,-0.00026305708743166263,5.116525783280343e-05,6.072700425727521e-05
V1,-0.24,-0.0011706708297424483,0.003490221631363961,0.003056633795495145,0.005994272883981466,-0.006144449108978734,-0.00018916380504379083,5.1178716214215156e-05,6.060233768058492e-05
V1,-0.23,-0.0007713790982961655,0.004624605815479295,0.0029944613634143025,0.005920253301155743,-0.0054178358403987655,0.000787995438440699,5.183063601295389e-05,6.0916769937381555e-05
V1,-0.22,-0.002759065479040146,0.0035834590380545693,0.0022054940105590503,0.006044504069723188,-0.006826193376036826,0.0005526422806724428,5.0235617490170354e-05,5.9711024913260045e-05
V1,-0.21,-0.0017344923995551652,0.0045077353333908814,0.0028205781414726515,0.007157471077516675,-0.007364084501750768,0.00017361135760438624,4.8762498764120674e-05,5.791574324859244e-05
V1,-0.2,-0.0031198082666378467,0.0019854192738421234,0.004030741751194,0.006908651834237388,-0.008611868269508705,-0.003002154523164794,4.8413301953128874e-05,5.653083010642232e-05
V1,-0.19,-0.0018899412076279986,0.00409608194604516,0.003523118942393921,0.006851168046705422,-0.0073554688424337655,-0.0005614767127553935,5.101709642469356e-05,5.916578069575001e-05
V1,-0.18,-0.0027310196048347278,0.00506462446355726,0.0015399208146845923,0.005674005730543285,-0.006949370742950123,0.0020954725790943395,4.9444478140301776e-05,5.798032339497263e-05
V1,-0.17,-0.006204687058925629,0.002678793223458342,-0.0008702179183387671,0.0030621841899119264,-0.007708986675061169,0.0026303454036678865,5.0369063881947616e-05,5.991824734765483e-05
V1,-0.16,-0.007774792466079816,0.0007184463611338288,-0.007505258620949462,-0.0020530934241833167,-0.0037337265093810856,0.006498983307028537,5.157518051157714e-05,6.086498078686875e-05
V1,-0.15,-0.009180358186131343,9.04793779000056e-05,-0.017808489501476288,-0.008024094277061522,0.0028262029009056278,0.016160838856012556,5.126731672111423e-05,6.161391640575901e-05
V1,-0.14,-0.00910255847265944,-0.000882405439915602,-0.02322379919933155,-0.018434968474321068,0.011239993863273411,0.020446754970907928,4.823845082300999e-05,6.0825467726360506e-05
V1,-0.13,-0.008703390136361122,-0.0019286287133581936,-0.026611579512245954,-0.020959877222776414,0.013951214170083404,0.023072075273375958,4.474045069814128e-05,5.659275546210623e-05
V1,-0.12,-0.007699541514739394,-0.0009429025260033086,-0.025937232282012702,-0.02088541832054034,0.014518029877217486,0.023552811091940386,4.063809129659738e-05,4.758587456508566e-05
V1,-0.11,-0.007672517013270408,0.0006314680009381845,-0.01994314476614818,-0.014564754429738971,0.009291420938097872,0.018901552538591198,3.744198980316845e-05,4.388579079125117e-05
V1,-0.1,-0.007396904053166509,-0.0002610917752463176,-0.013272712018806487,-0.00790496077388525,0.002324885138659738,0.0113482168817427,3.6602880850288366e-05,4.359585182951666e-05
V1,-0.09,-0.002504192387277726,0.0028101196949137375,-0.005538009462179616,-0.0014576892819604874,0.00013455861808324703,0.007063248196936907,3.409555910781892e-05,4.0700116803980015e-05
V1,-0.08,-0.0014425841363845393,0.004504638838989193,-0.0009514705543551827,0.0034161433577537537,-0.0036635500990087164,0.003529099299339577,3.4398009419720434e-05,4.1392611916247734e-05
V1,-0.07,0.0031477422453463078,0.009554313158150762,0.002976395655423403,0.007326153916073961,-0.0027676472685925547,0.005617378016904692,3.8158454066056743e-05,5.217928008187776e-05
V1,-0.06,0.003280952069326304,0.012749656679807224,0.004693911760114133,0.010029647033661604,-0.004861417596112005,0.006429013099113941,4.489571028528657e-05,6.693251917887581e-05
V1,-0.05,0.006526851677335799,0.01606684972066432,0.007685425240197219,0.012598970805993303,-0.003457089583389461,0.006811058172024786,6.062028708082004e-05,9.055645194598809e-05
V1,-0.04,0.004512998019345105,0.01638242742046714,0.015369078042567708,0.022208077972754828,-0.015192687198577914,-0.0014154657081235258,8.726747522618062e-05,0.00012303977030213707
V1,-0.03,0.005837966682156548,0.024396905209869146,0.04768719275016338,0.06157572218216952,-0.050205062213353815,-0.027162451623007663,0.00014132645264668556,0.00018006941945468376
V1,-0.02,-0.03468739431118593,0.002372049480618409,0.049481153348460795,0.06955125881358981,-0.09834391321055591,-0.055954151196056054,0.0002150964356842136,0.00026897529390924706
V1,-0.01,-0.2190815731883049,-0.161466583609581,-0.23222190104424953,-0.18735496904700996,-0.014875639975070954,0.05595921846106648,0.0003566733186518442,0.00043680006365556356
V1,0.0,-0.4225075412541628,-0.3426806554198265,-0.6352989077568054,-0.5726938843727112,0.16254872977733612,0.2756384648382663,0.0004252055034753606,0.0005232223021240655
V1,0.01,-0.33994352631270885,-0.23341520410031083,-0.5921369001269341,-0.5223391234874726,0.20826312825083731,0.3314385026693344,0.0003376034226787265,0.0004074610616900464
V1,0.02,-0.1508101287065074,-0.08345157513394953,-0.28421475142240527,-0.24251578748226166,0.10028576916083694,0.17997055267915127,0.0002529723551785,0.0003092476594646685
V1,0.03,-0.043670868827030064,-0.013333466369658709,-0.09946264317259193,-0.07443677172996103,0.04115664125420153,0.07773340971907601,0.00015301443247650926,0.0001999582830658268
V1,0.04,0.0029849563725292683,0.0194078461965546,-0.010435435181716458,-0.0010959210128930889,0.008086602547336952,0.026766960940949498,0.00010397002246920066,0.00013285242114807793
V1,0.05,0.017078750650398433,0.029492332087829705,0.016579168892349117,0.023075374285690484,-0.003327209607232362,0.011022803041851143,7.406720568706076e-05,0.00010444430924787071
V1,0.06,0.025933864689432085,0.03584414720535278,0.029730522900354116,0.034981875726953146,-0.007319473708048463,0.004814978176727891,5.779814052946071e-05,8.791942342028525e-05
V1,0.07,0.026980403810739517,0.03616705536842346,0.03528163600713015,0.03907096025068313,-0.010639583237934857,-0.000629612826742232,4.595556639241004e-05,6.148965704432935e-05
V1,0.08,0.02818461785791442,0.03675049915909767,0.0375194595893845,0.040540359914302826,-0.011519732070155442,-0.002375957265030593,4.3192577252039276e-05,5.872782088952427e-05
V1,0.09,0.024717186752241105,0.03377632931806147,0.037774828542023894,0.04167026309296488,-0.015004474110901356,-0.005554768524598331,3.963137739937738e-05,4.9835290094064696e-05
V1,0.1,0.024412613781169056,0.034760467964224516,0.039052117592655124,0.04191309954039752,-0.016419795632828027,-0.0048725974746048496,4.1300822141362775e-05,5.10622647006241e-05
V1,0.11,0.024317225167760626,0.034258586016949255,0.03892961267847568,0.04211668246425688,-0.01546127360779792,-0.005990762077271946,4.015612271313006e-05,4.814097133763815e-05
V1,0.12,0.02294492683140561,0.03329490773612633,0.03941722265444696,0.04213379169814289,-0.018097686301916837,-0.007263291068375113,4.170126836459325e-05,4.917707949522368e-05
V1,0.13,0.023375868028961123,0.03482964914292097,0.03850682869087905,0.04087831950746477,-0.016690062929410488,-0.0043188980314880785,4.33672241156452e-05,5.139929098774407e-05
V1,0.14,0.025555994489695876,0.03570733591914177,0.03807929223403335,0.04128050082363188,-0.0140842997119762,-0.003533895837608726,4.568970204481441e-05,5.448815787953504e-05
V1,0.15,0.02465701682958752,0.03499934430001304,0.03582738116383553,0.04062586512882262,-0.014997367258183658,-0.0032332034897990525,4.7586169217829014e-05,6.0076972518190076e-05
V1,0.16,0.021244105882942677,0.03359238719567656,0.034502681251615284,0.04005213659256696,-0.017383967502973975,-0.0033399058971554044,5.186103693593144e-05,6.372979677461036e-05
V1,0.17,0.02022697147913277,0.0338426943635568,0.03069926124298945,0.03789084020536393,-0.015441528521478176,-0.0004217622801661494,5.4294043562723563e-05,6.650356923265978e-05
V1,0.18,0.020697374769952148,0.032621726393699646,0.02672339491546154,0.03612243942916393,-0.012353763077408075,0.0025802468764595564,5.679442065542739e-05,6.875636627691222e-05
V1,0.19,0.019964968785643578,0.0318997909547761,0.021186081576161087,0.032363014505244786,-0.009782292845193297,0.006314581923652439,6.174766172522972e-05,7.383983181351108e-05
V1,0.2,0.015761181712150574,0.02836349606513977,0.018368614127393813,0.02759551117196679,-0.008439506159629672,0.007781603932380657,6.946169644394771e-05,8.41968700924755e-05
V1,0.21,0.005423107725800946,0.020563449338078497,0.011926263431087136,0.020625117421150203,-0.011434604012174531,0.006704709812765933,7.264799698694359e-05,8.809346268828756e-05
V1,0.22,0.0007099354967067484,0.018474833125947044,0.0008143656585161808,0.013106527738273144,-0.007873522632871754,0.010862085140979616,7.536473857867225e-05,9.23312435523358e-05
V1,0.23,-0.0037893471831921487,0.012852025107713409,-0.007668477154220454,0.00467447302798972,-0.004207227064034669,0.014620384367299262,7.592633779431901e-05,9.508379681375754e-05
V1,0.24,-0.005697923054685816,0.010220985926571283,-0.014248746447265148,-0.0023697110220382536,0.0008629090607428227,0.021730702498462047,7.610029174337517e-05,9.390528749540776e-05
V1,0.25,-0.010681044253578876,0.006956386347883374,-0.018654289096593855,-0.006649928010301666,0.0005595160968368874,0.021713422431639606,7.221801972139875e-05,9.000957990081206e-05
V1,0.26,-0.008976729719142896,0.003631901709013611,-0.019850563257932663,-0.011370149470167236,0.0051942454578238545,0.020668485653004606,7.127267475068747e-05,8.795363219807447e-05
V1,0.27,-0.011123905121348799,0.0021714679052820328,-0.019246139191091062,-0.01023384138243273,0.0022583805257454515,0.018594774694793155,6.771819642166308e-05,8.401132981854679e-05
V1,0.28,-0.011943623030674644,-0.0011578071724216,-0.01880011901957914,-0.008916475810110569,0.00046805688180029403,0.01480010349368967,6.591370711017391e-05,7.969178076556385e-05
V1,0.29,-0.010668877920033992,-0.0023177616152679627,-0.01606823697220534,-0.007837565970839932,-0.0009928400453645735,0.011427954920509362,6.035829169105698e-05,7.312800687312243e-05
V1,0.3,-0.010275763692334294,-0.0024513406460755518,-0.011441745306365192,-0.004611664917320013,-0.0037833251844858746,0.0074508681442239265,5.894696663738338e-05,7.430576381817698e-05
V1,0.31,-0.008872446976420178,-0.002211080485722056,-0.007674445176962763,-0.0026631976768840154,-0.004772249707457377,0.0033124075591331337,5.6267617172275405e-05,7.067080881367948e-05
V1,0.32,-0.009161049349495442,-0.0014407121692784134,-0.004256077409809223,-0.0005927988979237854,-0.00697528107348262,0.0013813209749059675,5.4370530283041344e-05,6.469048002262783e-05
V1,0.33,-0.00794005929492414,-0.00019266587332822382,-0.001845722901634872,0.000759487401228397,-0.007436221081967176,0.0008656492827867623,5.3240447629671745e-05,6.394798711962366e-05
V1,0.34,-0.006618486728984863,0.0005018806383304752,-0.00023271567624760792,0.0016375347775465338,-0.007385529666498769,3.4021257306440855e-06,5.362647562693787e-05,6.523368585861532e-05
V1,0.35,-0.005729409705963917,0.00029248866867419385,0.0010265353354043329,0.003842260241799522,-0.008319986156129744,-0.0018602725776872867,5.3430958570513094e-05,6.73634058202881e-05
V1,0.36,-0.004052703712659422,0.0025878858388750756,0.0020659060683101416,0.005530477171123492,-0.008058746358801726,-0.001336239010561258,5.2120521290378074e-05,6.622704681739988e-05
V1,0.37,-0.0035351655751583166,0.002804887963634428,0.004048599473026116,0.006627551122801377,-0.009373196098022164,-0.0021622258151182926,5.084106141310669e-05,6.469289183975428e-05
V1,0.38,-0.002793154786922969,0.003210503149603027,0.005057898029917851,0.007688310340745374,-0.009871369048778434,-0.0027979850372503302,5.306968906788599e-05,6.591207866818618e-05
V1,0.39,-0.0029637040075613185,0.0019828646647511005,0.005228157806413947,0.008683739677871925,-0.010465164622110024,-0.004583126341458411,5.2501101872955016e-05,6.566201107048636e-05
V1,0.4,-0.001992415151835303,0.00343886436894536,0.005428433645283804,0.00830129410023801,-0.008767303785134573,-0.00260976329445839,5.6060083497105153e-05,7.144964888765559e-05
V1,0.41,-0.002265361076570116,0.00410176828736439,0.006183237594086677,0.009380063507705927,-0.010158015058914316,-0.0030859405873343354,5.6764589139256504e-05,7.081757791153751e-05
V1,0.42,-0.001330728194443509,0.004525239113718271,0.006615234786295332,0.009795184154063462,-0.01014707306840137,-0.0035813506750855665,6.18442223026368e-05,7.794618911513402e-05
V1,0.43,-0.0027401412440667627,0.004581297340337187,0.007015229083481245,0.010080164298415184,-0.011908272591244894,-0.0035269281594082795,6.308072111382841e-05,8.7097755373227e-05
V1,0.44,-0.001524699280525965,0.003925993572920561,0.00687845055363141,0.010108433500863611,-0.010678878084581811,-0.003749698082901889,6.811908699501508e-05,9.30433458726249e-05
V1,0.45,0.00013476490692028168,0.006020599434850736,0.0064233876910293475,0.009717771783471107,-0.008559954349993858,-0.0017954990733414897,6.830854414614614e-05,9.41009397889052e-05
V1,0.46,-0.0013694454682990909,0.004741836013272403,0.006264873925829306,0.009265174603206106,-0.009631598120904528,-0.0019567829862353393,6.950734878297999e-05,9.237086135067023e-05
V1,0.47,-0.0015855663019465282,0.004116075273486786,0.005670051142806188,0.008292242896277457,-0.009181270797853358,-0.00231139499519486,6.903758822985252e-05,9.540207967328776e-05
V1,0.48,-0.0008785817350144497,0.0063149545923806595,0.005071692692581564,0.008155098059796726,-0.008194769331385032,-0.0006383394706062979,7.282859622352867e-05,9.773995100035723e-05
V1,0.49,-0.001778975066554267,0.005554454401135445,0.004742576857097447,0.008202997734770179,-0.008562646774407767,-0.0003634779975982421,7.246496304587748e-05,9.310248758762447e-05
V1,0.5,-0.0020193032760289498,0.0037630906648701036,0.004343054536730051,0.00690256548114121,-0.008195033433730714,-0.0015374339447589611,7.007047396587238e-05,8.572577405168497e-05
V1,0.51,-9.581910853739828e-05,0.0062472028657794,0.0032780966008431277,0.006471770815551281,-0.005581357124901843,0.0014518130046781144,7.10252270168084e-05,9.145256302511441e-05
V1,0.52,-2.7844240321428515e-05,0.00572633370757103,0.002492685984543641,0.00573162486834917,-0.005045675196015509,0.0017443066375562905,7.740966654015126e-05,0.00010542837757232203
V1,0.53,0.00043691028258763254,0.005497900769114494,0.002152799198665889,0.004927398480504052,-0.0033315159431367646,0.0021976292544422906,7.865477916712865e-05,0.00010752988816757408
V1,0.54,-0.002715887501835823,0.005295465048402546,0.0017005375513690524,0.00430728765495587,-0.005798324514762499,0.0024085892619041247,8.181400456436919e-05,0.000108314139932046
V1,0.55,-0.002116347441915422,0.00573327916790731,0.0013812079072522466,0.004603470384608954,-0.005434904077264946,0.003154540125979107,8.180167969452606e-05,0.00010913649570459518
V1,0.56,-0.0016158719212398863,0.004328682043706067,0.0015180343667452688,0.004293837088334837,-0.004751691743149422,0.002062263382686069,8.379514141737753e-05,0.00010961266542222499
V1,0.57,-0.0016330685262801125,0.005402461176799988,0.0011923447018489242,0.004819128131202886,-0.0046659454925247704,0.0033284960372839036,8.468392455040195e-05,0.00011826418257023281
V1,0.58,-0.0009688017729786223,0.004591471103049115,0.0007124865333025809,0.003920575775555333,-0.003259269258342101,0.0025740836637851284,8.601597659722442e-05,0.0001161580328406388
V1,0.59,0.0009568151959683746,0.007626058999449015,0.0002918876258263481,0.0035443605156615376,-0.0008038406955165556,0.006852753735438449,8.888888929613193e-05,0.00011982419437956722
V2,-0.4,0.01053237634478137,0.019953856244683266,0.0003482055908534676,0.0036355137126520276,0.008201590093085543,0.018161199059431966,7.48565452715083e-05,9.284908241882256e-05
V2,-0.39,0.011000629048794508,0.019525276497006416,-0.0009417298540938645,0.0023515057982876897,0.00996614278301422,0.020028054165300086,7.77463992534241e-05,0.00010153368307809397
V2,-0.38,0.009214208205230534,0.018542257111403157,-0.001800221468147356,0.0015887245448539032,0.00892213405968505,0.0193412179218285,7.23801412405422e-05,9.255418360139138e-05
V2,-0.37,0.008786485221935435,0.019114982814062383,-0.0020757638849318027,0.0008008594551938582,0.009218655228960416,0.020025821368972168,6.953904866049158e-05,8.994984304197212e-05
V2,-0.36,0.008983540618601182,0.0187698807567358,-0.002964326362416614,0.0006166569550259737,0.009814747264681501,0.02048935837301542,6.795326984954275e-05,9.037555114210881e-05
V2,-0.35,0.010353888283134438,0.019325581775046886,-0.00466266947623808,-0.0011676216963678598,0.013268766076362227,0.02278522464330308,6.491458961369189e-05,8.396630709789298e-05
V2,-0.34,0.007513701391872019,0.01756141450605355,-0.006211845978396013,-0.0018751956624328161,0.011830461175122764,0.021876156990765592,6.321482958389884e-05,8.086706757983467e-05
V2,-0.33,0.00769854451646097,0.018437186436494793,-0.008176875999197364,-0.0040267896256409585,0.012524510706862202,0.02461847014528757,6.206528333651676e-05,7.84538102309792e-05
V2,-0.32,0.008090495131909847,0.014924886135850102,-0.009938357814098709,-0.0055939479694643544,0.015021582489134743,0.023267655812378506,6.099275925317194e-05,7.676293622869701e-05
V2,-0.31,0.007123913243412971,0.015659278479870406,-0.011376406066119671,-0.007506348245078699,0.016303602889820468,0.025948403461370617,5.723549388802409e-05,7.216138556398833e-05
V2,-0.3,0.007452772573151379,0.014556375215761357,-0.012200738326646388,-0.007602046773536136,0.016930114073329606,0.02547270319337258,5.406009464664011e-05,6.656956042602969e-05
V2,-0.29,0.004721508559669019,0.01285363940987736,-0.014280955551657825,-0.010221274907235059,0.017105600039940327,0.025233138383191543,5.3291923290350473e-05,6.403071412316854e-05
V2,-0.28,0.003915686992695555,0.011280495519167743,-0.014584913800354116,-0.010379419662058353,0.01621268629533006,0.024595978559227655,5.111309558663171e-05,6.184850024603655e-05
V2,-0.27,0.0036388521129993023,0.012613880448043346,-0.015687106957193463,-0.010876123793423176,0.017322202661307528,0.026316328137545492,4.8400859636813526e-05,5.7736333723716336e-05
V2,-0.26,0.004869942176446785,0.01132503795670345,-0.015984186821151526,-0.011835546744987371,0.017411989509128034,0.025999515247531232,4.596188346186853e-05,5.531037926367232e-05
V2,-0.25,0.001676401705481112,0.008366161416051902,-0.01653263526968658,-0.013047776184976101,0.016217074682936074,0.024508039565989747,4.52992941180064e-05,5.598497312772727e-05
V2,-0.24,-0.0006012311452650464,0.006768222971004424,-0.017409401293843985,-0.01242026829859242,0.013219461380504071,0.022595848188211674,4.376282619845041e-05,5.379570308711229e-05
V2,-0.23,0.00040756838279776275,0.006148295244202017,-0.017442010692320764,-0.01317877309047617,0.015480986891634529,0.022106740736489883,4.21277037293608e-05,5.274555238765238e-05
V2,-0.22,-0.0019494620137265883,0.006113467755494628,-0.01732605303404853,-0.013990944717079401,0.013337683050485794,0.021878678325447248,4.1356193274626265e-05,5.120804652490598e-05
V2,-0.21,-0.004402563799521885,0.0035980706539703506,-0.018067707004956902,-0.013796473102411257,0.01103552824642975,0.020113343611592418,3.875953647912807e-05,4.836149215686845e-05
V2,-0.2,-0.005264311743667349,0.0013441931136185204,-0.016948670690180734,-0.01266030641272664,0.009144302038475872,0.01641766386292147,3.676587917945635e-05,4.4911158965583546e-05
V2,-0.19,-0.005753248697146773,0.0011164193056174554,-0.01684846542775631,-0.01241491932887584,0.007559497623878997,0.01655721731149242,3.496002447738719e-05,4.132712969762717e-05
V2,-0.18,-0.008708874695003033,-0.000438557006418705,-0.017774631816428153,-0.012285501835867763,0.005455960961990058,0.01616777013005048,3.416017354363496e-05,4.020487201197675e-05
V2,-0.17,-0.01116204384015873,-0.0017286580259678937,-0.017139332368969917,-0.012001149108982645,0.0032673132925992833,0.013806229438341675,3.340634034777222e-05,3.8312215191306826e-05
V2,-0.16,-0.01088054816937074,-0.003443115623667836,-0.01951877912506461,-0.012756938958773391,0.0035974489233922212,0.014184038876555855,3.289203905176006e-05,3.963119523710665e-05
V2,-0.15,-0.013039237353950739,-0.005903169815428558,-0.022960967407561837,-0.01794802136719227,0.00626900588395074,0.015995186381042,3.174289728870035e-05,3.777703901888384e-05
V2,-0.14,-0.016839646224252647,-0.010178225731942804,-0.027558749075978994,-0.02184387482702732,0.006484221271239221,0.015408076206222174,3.070414900960069e-05,3.72413231450207e-05
V2,-0.13,-0.01746549226809293,-0.009619847085559755,-0.033523674868047235,-0.027949899574741734,0.012367695663124323,0.0216576452832669,2.9683817205505496e-05,3.712329493696449e-05
V2,-0.12,-0.019734189636074005,-0.012395262229256333,-0.03616082025691867,-0.03084610130172225,0.012255640333751216,0.02311376497382298,2.7728006262673908e-05,3.3832989441285384e-05
V2,-0.11,-0.020914468297269194,-0.014827774319564925,-0.03856133110821247,-0.03310671518556774,0.013830995291937143,0.02213235287927091,2.78173162768078e-05,3.404169787380972e-05
V2,-0.1,-0.020665790373459458,-0.012204951414605602,-0.03873812016099691,-0.03321679423097522,0.014894961513346062,0.024817637866362926,2.6320264489874076e-05,3.167829349441461e-05
V2,-0.09,-0.020164178241975604,-0.013225659780437132,-0.04000420358497649,-0.03394376849755646,0.015837952448055147,0.02484579964657314,2.6407828449154733e-05,3.1950079796392154e-05
V2,-0.08,-0.01985942788887769,-0.011350711085833616,-0.037963446229696274,-0.032088186277542265,0.013677349826321007,0.024157387448940422,2.8530492112480712e-05,3.859219804605521e-05
V2,-0.07,-0.019815761514473708,-0.010189597995486119,-0.03926903381943703,-0.03328962284140289,0.01531662088818848,0.026780258817598206,3.161084293005308e-05,5.232360375701841e-05
V2,-0.06,-0.018835314083844423,-0.011117256891157015,-0.036469314247369766,-0.030803141393698753,0.013573246699525043,0.023104462027549743,4.0834784807525705e-05,6.546850796317457e-05
V2,-0.05,-0.01585815562866628,-0.004469781037187204,-0.03619425124488771,-0.029966158792376518,0.016816361784003676,0.029087418928975237,5.104855002491894e-05,7.863464959336845e-05
V2,-0.04,-0.010470566141884774,0.00217086329648736,-0.020724744978360833,-0.014701629697810858,0.006646428100066259,0.020267465459255618,7.561356350847546e-05,0.00010555051720527322
V2,-0.03,0.01381572987884283,0.03388919536955652,0.03744401535950601,0.05298016457818448,-0.03525620091240853,-0.006813698215410118,0.00014708637088219677,0.00019329583384045451
V2,-0.02,0.009470950812101364,0.0519264021655544,0.13275879621505737,0.1648141402751207,-0.14498363303137013,-0.08996498421765867,0.0002504720620170583,0.0003241446537449761
V2,-0.01,-0.13700295388698577,-0.013299133662440033,0.024410742335021496,0.078915843879804,-0.18999780252634083,-0.055274604907026535,0.0003498393610715736,0.0004713892984526098
V2,0.0,-0.4262000471353531,-0.2783514993265272,-0.4746610414236784,-0.39469579905271535,-0.0133871141821146,0.16174858473241316,0.00045336174262331207,0.0005769165182104717
V2,0.01,-0.5076610404998064,-0.36431232225149873,-0.6847784627228976,-0.6029410064220428,0.12407621052116155,0.29653972536325435,0.00042568084796083886,0.0005418813850702899
V2,0.02,-0.34359170608222483,-0.22766916453838348,-0.5004026226699352,-0.4218524627387524,0.10753449462354184,0.244207969866693,0.00027845047151239837,0.0003525778214951396
V2,0.03,-0.16029055416584015,-0.10467523192055525,-0.1965460367500782,-0.16249142941087485,0.013502759300172331,0.08499527690000831,0.00015304142205457136,0.00019268392538549243
V2,0.04,-0.06312584122642875,-0.03748757301364094,-0.058036728273145856,-0.041176568670198324,-0.016215503867715596,0.01299146534875035,9.760437149800454e-05,0.0001233256317763857
V2,0.05,-0.029812983016017824,-0.01173407416208648,-0.012897584930760786,-0.003502770201885142,-0.02221060741285328,-0.003675847226986666,6.501097879875262e-05,8.386727892209427e-05
V2,0.06,-0.01682430536020547,-0.000753725171671254,0.00543108262354508,0.012679490260779858,-0.025745954021112995,-0.008218345389468602,4.619673383567221e-05,5.9533157815185406e-05
V2,0.07,-0.003453342054854147,0.006708335579605773,0.01618986329995096,0.02219078723574057,-0.023853433935437353,-0.01164844012819231,3.6700655074767174e-05,4.674371129294704e-05
V2,0.08,0.0004430099975365921,0.011626311857253312,0.021736707538366318,0.026912275562062857,-0.024287968985299814,-0.012580701522529126,3.338526667560192e-05,4.0710604573133236e-05
V2,0.09,0.003800387727096677,0.013905784435337399,0.02771879950305447,0.03509918414056301,-0.02845090271657682,-0.0155281022482086,3.2856370342686976e-05,3.906021657778779e-05
V2,0.1,0.0049918039527256045,0.017689259443432092,0.03121010633185506,0.03746619448065758,-0.031144379364559428,-0.016318900836631664,3.516187566226388e-05,4.1855136594033534e-05
V2,0.11,0.00980750925373286,0.02010439691948703,0.03804438468068838,0.042202744912356135,-0.030597306527488398,-0.019490589713677765,3.826630831226214e-05,4.601419554530923e-05
V2,0.12,0.012048910598969087,0.022360616642981765,0.041606991761364044,0.048124435916542994,-0.034641203529463385,-0.022385255992412575,4.143960647414199e-05,4.9502580284841854e-05
V2,0.13,0.014619660517200827,0.027123808593023564,0.04702053591609001,0.05701143853366374,-0.040784852509386835,-0.02458272809162736,4.449297317485217e-05,5.342540859567868e-05
V2,0.14,0.019971480325330047,0.034129374939948304,0.05504594747908413,0.06292172726243735,-0.041105855780187994,-0.02493113595992327,4.917905261114015e-05,6.064452753538979e-05
V2,0.15,0.021703163161873817,0.039274510275572536,0.061460794601589444,0.07364468285813927,-0.04807814455125481,-0.026438301661983132,5.457741378269845e-05,6.745441660400271e-05
V2,0.16,0.02534850873053074,0.04260184713639318,0.0713692213408649,0.08452739058993756,-0.053676526085473596,-0.032849791971966635,6.116527323252591e-05,7.670826451588234e-05
V2,0.17,0.031212041794788092,0.05311465417034918,0.08060095249675214,0.0972134885378182,-0.06073707349132747,-0.03657732154242696,6.836892016488527e-05,8.562329139151559e-05
V2,0.18,0.036380162462592125,0.0631619468331337,0.09384876228868962,0.11052849027328193,-0.06827475829049945,-0.0378719860687852,7.527332206149954e-05,9.110772806197519e-05
V2,0.19,0.04071652702987194,0.07285003606230019,0.10337358731776476,0.12136042029596865,-0.07537094643339515,-0.04046160187572241,8.625330309729011e-05,0.0001067298500883042
V2,0.2,0.049943894147872925,0.0770957039669156,0.1154381803702563,0.13876277972012757,-0.07836656221188605,-0.04388341614976527,9.097206423807685e-05,0.00011384806155103033
V2,0.21,0.04881778471171856,0.07786242729052899,0.1237328326329589,0.14822336118668317,-0.0924205846618861,-0.05205799471586943,9.450698837851107e-05,0.00011658011892798538
V2,0.22,0.05564256405923516,0.08434750139713287,0.13296870132908226,0.15931585524231193,-0.09878633937332779,-0.057803980074822923,9.512493450491507e-05,0.00011906946566513774
V2,0.23,0.04894796493463218,0.08259484730660915,0.13471502345055342,0.15878618527203797,-0.10348175824619829,-0.0610817180480808,9.295918994176605e-05,0.00011706993652112122
V2,0.24,0.04778990079648793,0.07252934873104094,0.1256867523305118,0.15273217959329485,-0.09728146982379257,-0.06034789131954319,9.326527695789227e-05,0.00011316660819730592
V2,0.25,0.03966433936730027,0.06725404597818851,0.11031697001308202,0.13886417374014853,-0.09345991492737085,-0.05224885479547088,8.701754976020803e-05,0.00010662144471985616
V2,0.26,0.03609179842751473,0.05859537236392498,0.09471981599926949,0.12226762031204996,-0.07951776786940172,-0.04319453260395677,8.417769156438324e-05,0.0001059925258798885
V2,0.27,0.030303742736577988,0.04597773114219308,0.07638121815398335,0.09955991059541702,-0.06578393122181296,-0.03519066376611591,8.275661101696092e-05,0.00010682195000130433
V2,0.28,0.024890073388814927,0.039767052163369954,0.05762593827676028,0.07638544416986405,-0.04672153487335891,-0.02100146077573302,7.942104816092989e-05,0.00010087782040798867
V2,0.29,0.016376323997974396,0.03239412556868045,0.040007578767836095,0.05594722731038925,-0.034153384156525135,-0.012203013361431673,7.430550657729926e-05,9.458191229648027e-05
V2,0.3,0.010051013552583754,0.024397057783789932,0.024907727306708694,0.037741075269877904,-0.02418940839415882,-0.006215879321098332,6.888271148516712e-05,8.67127378568324e-05
V2,0.31,0.0069063256603840275,0.018666505813598633,0.01591682416619733,0.02175221287179738,-0.013426625411375426,0.0010338738968130076,6.374932827512113e-05,8.20285405022298e-05
V2,0.32,0.004648120608180761,0.013576368521898984,0.0065966042224317786,0.014125390310073259,-0.007929503059131093,0.005538289318792518,5.77917793239061e-05,7.40108540694424e-05
V2,0.33,0.005023822443035897,0.012916727169067598,0.002036416764894966,0.007201996681396848,0.00020885389130853585,0.010248573633725751,5.474015967347909e-05,7.242531865348515e-05
V2,0.34,0.0014930894787539728,0.012491305975709098,-0.0004475035597351961,0.003348030571942212,-0.00033565111953066663,0.011457379596322426,5.4749065502540695e-05,6.949086063682565e-05
V2,0.35,-0.0008152174996212125,0.009425776533316818,-0.0025909726799000056,0.0010852677514776587,-0.0005084242267912486,0.01023647292458918,5.198870416322399e-05,6.640196929726415e-05
V2,0.36,-0.0017731919651851058,0.008211493492126465,-0.00326105295389425,-2.0202637642796617e-06,-0.0007939220890307295,0.009728879896283613,4.979573500023273e-05,6.537684429525157e-05
V2,0.37,-0.0028103989257942884,0.00472572585567832,-0.003826254280284047,-0.0005438546424557016,-0.001191411691979738,0.0074433640300412595,4.7723889350036205e-05,6.587339318872587e-05
V2,0.38,-0.001814273011405021,0.0067186831758590405,-0.004708378067152808,-0.001011028978973628,0.0009969435428502037,0.010070189434918572,4.790939508879018e-05,6.551218701642644e-05
V2,0.39,-0.004622719160397537,0.004846924002049481,-0.004227220034226775,-0.0017056603246601298,-0.0016103714762721211,0.00806448716903105,4.872151820670436e-05,6.853509418475257e-05
V2,0.4,-0.005124294156485121,0.00439279869897291,-0.006056988585623912,-0.0022359993628924724,-0.0012920788249175528,0.008750833872181826,4.898211890272564e-05,6.571722719809757e-05
V2,0.41,-0.005567414686083794,0.002530883968574926,-0.004896712489426136,-0.002043255738681183,-0.0020645155189413346,0.006845861369220074,4.7491147369525976e-05,6.002720663210483e-05
V2,0.42,-0.005302829154970823,0.002656309847952794,-0.004676246267626994,-0.0009063722085556966,-0.0030227920098695902,0.0061503022807301,4.910748220772668e-05,6.438635841492673e-05
V2,0.43,-0.008242516015889123,0.0008009676399524275,-0.004316665123405982,-0.00097014477069024,-0.005424296268029138,0.0036906827856000735,5.470536495687038e-05,7.462198332219152e-05
V2,0.44,-0.005170901342353318,0.0013917476626374979,-0.005126083217328414,-0.0008899679701926289,-0.0026380834977317138,0.004662932257633656,6.009990427672828e-05,8.123155103616468e-05
V2,0.45,-0.005739661393454299,0.0003472083706583355,-0.0049714326174580496,-0.0007688273442909125,-0.003559387952191173,0.003919279132242081,6.288821414992968e-05,8.560899949639705e-05
V2,0.46,-0.005679939722176642,0.0004377100111014434,-0.006806224747560918,-0.0024199948529712856,-0.0016838881972944364,0.005681095029933656,6.111906939930944e-05,8.535046572742245e-05
V2,0.47,-0.006552156060934067,-0.0005024483383749629,-0.006525259930640459,-0.001929976796486703,-0.003280020234524272,0.00409874383185524,6.437988569112191e-05,9.341647252372553e-05
V2,0.48,-0.007740274124080316,0.00018029602879323538,-0.007345501100644469,-0.0025000609137350695,-0.003504737777984701,0.005982121742272281,6.913714046514902e-05,9.941836686267346e-05
V2,0.49,-0.01057609636336565,-0.0016083829442322922,-0.00970032112672925,-0.004099459853023291,-0.004497441982675809,0.006237168017105427,6.848704930628533e-05,9.664146829726665e-05
V2,0.5,-0.010135399072896688,-0.0001167805959994472,-0.011119355855043977,-0.005929471459239721,-0.00232307689730078,0.007867765960691027,7.391041016418293e-05,0.00010108009640814109
V2,0.51,-0.009006374515593052,-0.00019817469328700215,-0.011730125232134014,-0.006307878805091606,2.9990854454809074e-05,0.009615545222550271,7.503379078651686e-05,0.00010468325167685312
V2,0.52,-0.011129374615848064,-0.0016865556186530812,-0.013779791089473293,-0.008405964076519013,-0.0005198349157581105,0.009534285071094927,7.707861571731196e-05,0.00011726373737963379
V2,0.53,-0.010302361001959071,-0.001793361778254626,-0.014733724831603467,-0.00947972718277015,0.0006149073335109279,0.010741351783508431,8.081502389630378e-05,0.00011892778307101486
V2,0.54,-0.010208784358110278,-0.0008519985851307871,-0.017938457196578383,-0.012981927880900914,0.005292549426667392,0.01596117754816077,8.328725301099816e-05,0.00011594884822250293
V2,0.55,-0.009272607683669776,-0.0021998940501362085,-0.018392985174432396,-0.013398615142796189,0.00608370301197283,0.01515257703795214,8.406424897635945e-05,0.00011653479612828808
V2,0.56,-0.009654991794013768,-0.0002792973761643239,-0.019055189564824104,-0.014316322398371996,0.0059459262556629255,0.017310965059004955,8.600840403272932e-05,0.0001232800952664569
V2,0.57,-0.006690331891877577,0.0005046409787610173,-0.01991958001162857,-0.015427730244118722,0.009786558899941155,0.01922714721877128,8.324023882618838e-05,0.00012432807338598966
V2,0.58,-0.005523634431301616,0.002077375745284364,-0.02042320469627157,-0.01641349126584828,0.012410030892351643,0.020549689944891723,8.1441391296405e-05,0.00011841518893526412
V2,0.59,-0.008348685689270496,0.00021777704787382047,-0.02174711667466909,-0.017910246062092485,0.01057925720961066,0.02057862467190716,7.665152660009882e-05,0.00010439039750715879
V3,-0.4,0.003248187907593092,0.015854953788220882,-0.00012983399210497737,0.006935542338760569,-0.0005165460330317727,0.013007268299838868,6.822563922311989e-05,8.652667296534181e-05
V3,-0.39,0.0062438324093818665,0.01814087526872754,-0.0009743881528265774,0.003347545862197876,0.004373506129195448,0.017665650761773562,6.926875271589477e-05,8.990460370391563e-05
V3,-0.38,0.006391054263076512,0.019723546644672747,-0.0018378222011961043,0.0024186859373003244,0.005259997657230997,0.020189043386926637,6.863970280339677e-05,8.682870842464924e-05
V3,-0.37,0.00684589447628241,0.018969195609679444,-0.004017718754766975,-3.182983846272691e-06,0.008220229971630032,0.021323159417079292,6.973647555572284e-05,8.842110703723692e-05
V3,-0.36,0.007578332908451557,0.019504255428910253,-0.0050731738592730835,-0.0006814072665292789,0.009960055245028344,0.023120608163662834,7.035829864164129e-05,9.244064663873887e-05
V3,-0.35,0.0049246208975091575,0.01738943353993818,-0.006073023701901548,-0.001416546286782253,0.008056867064078687,0.020935698199900786,6.74021187991979e-05,8.92577916738505e-05
V3,-0.34,0.004782011316274292,0.015869570896029472,-0.008220136165618896,-0.0042920904234051704,0.011037406651303172,0.02280010294052772,6.796642256222982e-05,9.237796934321362e-05
V3,-0.33,0.003300826554186642,0.014790421351790428,-0.010273636164492927,-0.005983282322995365,0.010765156750858295,0.023733562149573114,6.709915301171777e-05,9.252454775782765e-05
V3,-0.32,0.0029236267233500256,0.013356488535646345,-0.011977489668061026,-0.008335380023345353,0.01256889958458487,0.023830463853664694,6.369566385202059e-05,8.894935796126403e-05
V3,-0.31,0.005518670359015232,0.01538482627365738,-0.01405933229252696,-0.010054851515451447,0.01754769288963871,0.027706045217928476,5.8943614187209346e-05,8.3900062631081e-05
V3,-0.3,0.0039731175056658685,0.01587353337090462,-0.014706386078614742,-0.009155872277915478,0.015608431805230794,0.028331291838549072,5.4890490614838365e-05,7.53739097191256e-05
V3,-0.29,0.004675125879293774,0.013012017818982712,-0.016576590575277807,-0.01275791405932978,0.019039148872252554,0.02839291500858962,5.148124187886116e-05,7.002746889387314e-05
V3,-0.28,0.004070177509856876,0.013954146299511194,-0.01789443080779165,-0.013091770000755787,0.0192104808811564,0.02999218705226667,4.81845437604126e-05,6.49765092957798e-05
V3,-0.27,0.003960849723080173,0.013377158390358078,-0.019138788571581244,-0.015109344909433277,0.020505837560631335,0.03135877109671128,4.510717738003653e-05,5.980522954588219e-05
V3,-0.26,0.0028432434774003923,0.011092582956189288,-0.019177468249108643,-0.015844713896512985,0.01998073095237487,0.029018090933095663,4.2138786608922315e-05,5.441653037123797e-05
V3,-0.25,0.0008146155741997063,0.01246313010342418,-0.01987482886761427,-0.017292529111728072,0.020002279269101565,0.03150624283007346,4.093925050607594e-05,5.105622870871441e-05
V3,-0.24,0.003143097426072927,0.012180224957410234,-0.018837763916235418,-0.01457483619451523,0.018361778143662376,0.02978156817844137,4.050607972582396e-05,4.9692195080289126e-05
V3,-0.23,0.0028994364256504927,0.010341571978642605,-0.02023818314773962,-0.016324649879243227,0.020959742611739784,0.029618161873986536,4.028361378674245e-05,4.8733374557845876e-05
V3,-0.22,-0.000309394090436399,0.009222659561783073,-0.018851887504570185,-0.014234520494937897,0.016496658627511353,0.02633652604999952,4.004928146862907e-05,4.962198484330925e-05
V3,-0.21,0.0003298660449218005,0.00922264065593481,-0.01834210876841098,-0.013363264285726473,0.015500887989401236,0.02612091180926654,3.828863995050042e-05,4.729887852794369e-05
V3,-0.2,-0.0003004135458468226,0.010245286129065778,-0.01543153456877917,-0.009331274125725032,0.01120211162196938,0.022643995739053933,3.7460085805707615e-05,4.897555001462489e-05
V3,-0.19,-0.0007279302035385625,0.007041934695917004,-0.010193783015711232,-0.0043743610178353315,0.005539078379661078,0.015255870322107509,3.653489774454108e-05,4.832502425085856e-05
V3,-0.18,-0.0009600507291906979,0.010458391840802503,-0.007192291843239218,-0.0002849642387445798,0.0023086782091922943,0.016008348520699645,3.589385555997705e-05,4.609726656790661e-05
V3,-0.17,-0.003259453855571337,0.009499587002210319,-0.003235716826020507,0.003839288726157964,-0.003960486212599789,0.010244900362158652,3.4880249384401725e-05,4.3537136089381124e-05
V3,-0.16,-0.0033054935771815504,0.007095436449162662,-0.0019373333023395387,0.005702931433916092,-0.005204108878024272,0.006881185293605071,3.3810437205946126e-05,4.109854837451796e-05
V3,-0.15,-0.005406925221905112,0.0034794961808074696,-0.004179927241057158,0.001493563991971314,-0.004939228597686451,0.006385944681687756,3.28024147552747e-05,3.882018023613873e-05
V3,-0.14,-0.008495863861753605,0.004095565486932173,-0.011598382529336959,-0.0025336374470498538,-0.002264291630126536,0.01475821695785271,3.421730025035533e-05,4.023058196232664e-05
V3,-0.13,-0.011925375810824335,-0.005321253469446674,-0.01972495245281607,-0.014600909315049648,0.0047890571295283735,0.013831853616284195,3.300329607786939e-05,3.942590896411028e-05
V3,-0.12,-0.018171741627156734,-0.00809247329016218,-0.028497349203098564,-0.02190490547800437,0.005626513715833426,0.01828427943401038,3.154112881338648e-05,3.7014029787651866e-05
V3,-0.11,-0.020160100981593133,-0.010376479907426985,-0.03727907189168036,-0.03143528683576733,0.013508913360419683,0.02497074680868536,3.06964974603415e-05,3.744178001728026e-05
V3,-0.1,-0.02462304519722238,-0.013018585741519928,-0.04286575329024345,-0.037340106442570686,0.014479313627816737,0.026858449418796226,3.0907764723987335e-05,3.601711701819972e-05
V3,-0.09,-0.026293477043509483,-0.017300991201773287,-0.04909668662585318,-0.04430526532232761,0.019496477907523513,0.030176542606204747,3.188439805846057e-05,3.8010105974872477e-05
V3,-0.08,-0.027054852352011948,-0.0177098275613389,-0.051215872168540955,-0.04506439296528697,0.01937022153288126,0.03164676981978117,3.417806618827959e-05,4.111125349238057e-05
V3,-0.07,-0.02851723978528753,-0.021578782238066196,-0.053637096332386135,-0.0480508896522224,0.02078911706339568,0.0300213597365655,4.043208690045194e-05,5.3804945414533676e-05
V3,-0.06,-0.0295319352298975,-0.01831214129924774,-0.05190827150363475,-0.04560118820518255,0.01847921316511929,0.03076127779204398,5.4959875962038074e-05,7.58247338801143e-05
V3,-0.05,-0.026877588103525342,-0.011721818707883358,-0.049837687122635546,-0.04424489634111524,0.019566856604069472,0.036543645616620775,7.715361857906447e-05,0.0001066999052692961
V3,-0.04,-0.017127382499165834,0.0013877150766347724,-0.04152769781649113,-0.03649070886895061,0.021429938945220783,0.04101466530519247,0.00010682385935830158,0.0001583802789285307
V3,-0.03,-0.01258267997764051,0.01719194743782282,-0.004369797010440379,0.010751402587629855,-0.01632584605831653,0.016943907584573023,0.00016250146063597788,0.00021437614281678472
V3,-0.02,0.00994048333950559,0.07058676518499851,0.15060971900820733,0.17550093755126,-0.15574470524360323,-0.08558431160636248,0.00024086417046831305,0.0003006294768968858
V3,-0.01,-0.1823808593675494,0.009283320978283882,0.2685345530509949,0.3371042601764202,-0.48954551536589863,-0.2803555756807327,0.000339955335811939,0.0004249425330914593
V3,0.0,-0.46391434520483016,-0.22647865116596233,0.043090190878137945,0.1442587995901703,-0.57521024227608,-0.3094410741701723,0.0003591773944007865,0.0004831090757554501
V3,0.01,-0.5210089799016714,-0.38613230250775815,-0.3973682377487421,-0.3281519919633865,-0.16362473499029875,-0.007177895307540898,0.00028408272990664045,0.0003484878780011201
V3,0.02,-0.4556114623323083,-0.33966082483530047,-0.5104178190231323,-0.443558931350708,0.010124955512583257,0.13860171511769295,0.00021938406871038752,0.00026469541146359015
V3,0.03,-0.23334228992462158,-0.1657065749168396,-0.2581549882888794,-0.21958694364875556,0.003747643064707518,0.07616244042292235,0.00013673884212469514,0.0001708939533418494
V3,0.04,-0.1298828013241291,-0.07862536031752827,-0.1029881164431572,-0.08670293167233467,-0.036457065120339395,0.014561428735032668,8.237447401952412e-05,0.00011555796591334481
V3,0.05,-0.06753074298612774,-0.04200140428729357,-0.04865771452896297,-0.04036281572189182,-0.02447234527207911,0.003482487518340339,5.069461288771524e-05,7.485154447709444e-05
V3,0.06,-0.04634410887956619,-0.029385106172412634,-0.03335867985151708,-0.027296751737594604,-0.01633251305902377,0.0013090039719827371,3.5562729520812306e-05,4.7856925611627246e-05
V3,0.07,-0.03028112929314375,-0.01681535214884207,-0.020207752042915673,-0.01425448146765121,-0.013292480143718421,0.0012171426904387748,2.8299665711026016e-05,3.52188798538887e-05
V3,0.08,-0.021872479701414704,-0.007921367973904126,-0.014226207684259862,-0.007169874268583953,-0.01220438817399554,0.0033547588333021836,2.6456400038055327e-05,3.257489198191144e-05
V3,0.09,-0.01563513372093439,-0.003744484471098986,-0.0031316013861214737,0.001395990781020373,-0.015415372669303906,-0.0022852386253362058,2.4576719928535626e-05,3.087936237750334e-05
V3,0.1,-0.013907327043125407,-0.0026523610576987267,-0.0004886907257969142,0.00575041794218123,-0.01718866914161481,-0.0035999831525259773,2.643621120213866e-05,3.373487312839529e-05
V3,0.11,-0.009538001380860806,0.004554195103992238,0.007832871374557727,0.014491758472286164,-0.0211222648184048,-0.005309541312453809,2.732816519067974e-05,3.5869179495877266e-05
V3,0.12,-0.0031620615627616644,0.015274900896474718,0.013921613059937953,0.01962803910137154,-0.02173604512499878,-0.0013449617719743416,3.102185806214293e-05,4.080881735405046e-05
V3,0.13,0.0029944611596874893,0.01938209140789695,0.02113037557573989,0.028422538237646223,-0.022789818456658395,-0.004062612075358631,3.3771882998100045e-05,4.559560759166589e-05
V3,0.14,0.010342498673708178,0.027832407969981425,0.02531095715239644,0.03685507504269481,-0.021690010582096873,-0.001808228227309891,4.0478912547099505e-05,5.7071247354319654e-05
V3,0.15,0.019499424390960484,0.03818156416527927,0.03819810897111893,0.04700241833925246,-0.024660594301531093,-0.002477237023413189,4.844892975051055e-05,6.646437905485745e-05
V3,0.16,0.02703941809013486,0.04719475656747818,0.04331029031891376,0.05972406268119812,-0.027642691507935524,-0.0017026860266923967,5.6910479572326426e-05,7.546520950936474e-05
V3,0.17,0.03755019512027502,0.05943195912986993,0.057134450413286686,0.07340499376878142,-0.03139904435956851,-0.002142904838547115,6.694028703210396e-05,8.850401077539874e-05
V3,0.18,0.04434707574546337,0.07225666218437253,0.06600317568518221,0.08855707459151743,-0.03753886120393872,-0.00084136864170433,7.954426545876166e-05,0.00010212677628755674
V3,0.19,0.05836261389777064,0.0892779276240617,0.08309431001543999,0.10342957079410553,-0.03995952010154724,-0.0026475230697542477,9.229492627331724e-05,0.00011996850018549388
V3,0.2,0.06417875550687313,0.10120354737155139,0.10080951666459441,0.11940021961927413,-0.048538366239517926,-0.006421175459399829,0.00010209080460317297,0.0001304549359017054
V3,0.21,0.06963653499260544,0.10900946836918582,0.11428079959005118,0.13136137276887894,-0.05397063158452511,-0.013089604908600455,0.00011036271519746374,0.0001390689641925645
V3,0.22,0.06813284987583756,0.11390472948551178,0.12116269022226334,0.1446152776479721,-0.06743766693398356,-0.0130801736842841,0.00010782715785686112,0.0001346737583722391
V3,0.23,0.07453648559749126,0.1127605406101793,0.12661370243877174,0.15301166465505958,-0.07186730592511595,-0.01859808079898361,0.0001085675004337553,0.00013561183353125614
V3,0.24,0.06571798077784478,0.10479892557486892,0.13302833698689936,0.1537510484457016,-0.0804086176212877,-0.03185011530295015,0.0001072703037166538,0.00013511440703508547
V3,0.25,0.062033007573336366,0.09618301256559786,0.12305131200700999,0.1530053364112973,-0.08109959634020925,-0.03571242860052735,0.0001033375004747706,0.00012693207342723975
V3,0.26,0.05505399382673204,0.08273342065513133,0.11326829344034195,0.1396449863910675,-0.07611564688850195,-0.03553108591586353,9.426817530384135e-05,0.00011537795455056263
V3,0.27,0.041960217470477804,0.0724284538067877,0.0937470565084368,0.12508148131892083,-0.07036320697516203,-0.03023529904894532,8.567153973784089e-05,0.00010983820061899065
V3,0.28,0.030696375865954906,0.05709244362078607,0.07687015431001783,0.10579140326008199,-0.0649387427372858,-0.028365778410807264,7.773715963000207e-05,0.00010296886275007252
V3,0.29,0.02501260049175471,0.04475797526538372,0.06056485031731427,0.07897106129676103,-0.04837328526191413,-0.02101091581862421,6.929856864289351e-05,9.353826740876532e-05
V3,0.3,0.02071041272720322,0.040024553914554416,0.04212055755779147,0.05855029155500233,-0.03317359835782554,-0.007621330558322372,6.306998137235997e-05,8.702898996319549e-05
V3,0.31,0.018474290415178986,0.034368175407871605,0.029950459965039044,0.0410061212722212,-0.019928503211122005,-0.0006394298281520641,5.7462602113622477e-05,7.709303724772132e-05
V3,0.32,0.015242625027894974,0.029922183603048325,0.01907177282264456,0.026978939352557046,-0.007267621019855142,0.00863377493806183,5.358074975675351e-05,7.338890148908887e-05
V3,0.33,0.01332277145702392,0.024272840109188107,0.010795921622775494,0.019078854215331374,-0.0025803294731304048,0.011240299494238569,4.9215875387423474e-05,6.72733154872653e-05
V3,0.34,0.00834160739032086,0.022597026871517253,0.003597382694715634,0.011240610806271431,0.001442300429334864,0.015700540093530436,4.5411746564256775e-05,6.462507180015362e-05
V3,0.35,0.007219307124614716,0.01951035112142563,0.0003291492019343423,0.0059480378084117505,0.003984529807348735,0.017125144583405926,4.378645710495911e-05,5.9907509284245283e-05
V3,0.36,0.0069000027491711085,0.017848024144768715,-0.001092329418679583,0.002872776616277405,0.00502767687139567,0.017179423043035044,4.366101372932843e-05,6.153382123680642e-05
V3,0.37,0.0053688827974838205,0.015526714501902461,-0.0026663814685889517,0.0012028854107484221,0.0052695342026709115,0.01695803495749714,4.280987041882938e-05,5.746338823309123e-05
V3,0.38,5.459435233206035e-05,0.012929532676935196,-0.0049467373872175814,-0.0009724207484396175,0.0028880487243895915,0.016922696265100966,4.303911355124356e-05,5.577646214462698e-05
V3,0.39,0.001785472621850204,0.014721204526722431,-0.003760486358078197,-0.0008251978702901398,0.0032536426857404876,0.016846655296103564,4.268028219065062e-05,5.824739967522704e-05
V3,0.4,0.0024535422038752587,0.012700257822871208,-0.005427631019847468,-0.001807400956749916,0.005664924246957526,0.015678799102897753,4.370827127881705e-05,6.848744129807814e-05
V3,0.41,0.0016540039796382189,0.010952109994832425,-0.005782300645296346,-0.0014096241358856787,0.004112815062399022,0.013620662401399381,4.2087898116682185e-05,5.4352630728119334e-05
V3,0.42,-0.00415898167702835,0.007855584583012387,-0.0057721190532902256,-0.001684639113955201,-0.0013023743682424537,0.01087398549498175,4.3288384866760304e-05,5.528512589037617e-05
V3,0.43,-0.0027121156454086304,0.006000366352964175,-0.004890520151820965,-0.0004707879645138748,-0.0005343197894490004,0.00955088019400136,4.5266496599353005e-05,5.955801166465304e-05
V3,0.44,-0.003676457528490573,0.00436533463653177,-0.0037095837673405186,-0.000169523642398417,-0.002183141201021499,0.007228756793301719,4.642043461680547e-05,6.626408053674725e-05
V3,0.45,-0.0035856568720191717,0.005263338706572538,-0.0027795862406492233,0.0005865872787580881,-0.0028872733601019718,0.006859676347812634,5.233410748269293e-05,7.794918895196368e-05
V3,0.46,-0.006339129716798198,0.001914972031954676,-0.00419331080338452,-2.8852410764558997e-06,-0.004298680546344258,0.004315223553203394,5.259024913253979e-05,7.221873686011881e-05
V3,0.47,-0.011372811160981655,0.00011329804692650214,-0.004008063464425504,-0.0003937988527468413,-0.009146337662969017,0.0025124642798800764,5.484720360633184e-05,7.553989083964051e-05
V3,0.48,-0.012034482322633266,-0.0023632986863958657,-0.006385914981365204,-0.001015532211749819,-0.008900755025388207,0.002873274874582418,5.7991264106651236e-05,8.589913076722714e-05
V3,0.49,-0.013767930027097464,-0.0012890266953036306,-0.006803417578339577,-0.00198009837185964,-0.010227968164872436,0.003408500016666948,5.96404713904147e-05,8.007663642395824e-05
V3,0.5,-0.013343434082344174,-0.00387208117172122,-0.008561645715963096,-0.0037478638900211086,-0.008070770994709164,0.002736372820800168,5.846247904830288e-05,7.911384892109016e-05
V3,0.51,-0.012242119666188956,-0.0021490565617568796,-0.00867860412254231,-0.003722073567041662,-0.006972094131924678,0.0050092934892745624,6.014189151093839e-05,9.486866361454626e-05
V3,0.52,-0.011683162325061858,-0.0016104726964840709,-0.012003889674087987,-0.006146431592060253,-0.0030053655216761396,0.007782687077997248,6.047948183992923e-05,8.863523357766831e-05
V3,0.53,-0.014792363822925836,-0.0011202677269466221,-0.013981265528127552,-0.008247251468128526,-0.003979575174162164,0.01046514438057784,6.409949137322364e-05,8.762347278679681e-05
V3,0.54,-0.013218487217091023,-0.001722372486256063,-0.01685984347714111,-0.00925325206335402,-0.0014474960509687663,0.013283222242898771,6.858665447198846e-05,0.00010243177033789452
V3,0.55,-0.014936377294361591,-0.005396642675623299,-0.017940646188799293,-0.012092173099517822,-0.00026403907104395304,0.010743814238230693,7.212125014262899e-05,0.0001222445335759738
V3,0.56,-0.01747484356164932,-0.007428988814353943,-0.019989537075161934,-0.01593458964489401,-6.160560878925023e-05,0.011017665767576545,6.653336447751693e-05,9.009469719437239e-05
V3,0.57,-0.018889439292252064,-0.009164076065644622,-0.02062653999309987,-0.01640974747715518,-0.0004706932144472373,0.010023186932085077,6.757548882713463e-05,8.950309959957842e-05
V3,0.58,-0.018274621572345495,-0.006846737320302054,-0.02193136794376187,-0.018198161385953426,0.0016767003166023643,0.013486411851954464,6.92607107697486e-05,9.36706397283581e-05
V3,0.59,-0.02055730950087309,-0.007002647966146469,-0.021865534620155815,-0.01894635600037873,-0.0005094702937640248,0.014070398814510554,7.173658354540756e-05,9.926710345245557e-05
V4,-0.4,-8.259574074145337e-05,0.00903527038171887,-0.004232084727846086,0.0009098671987885574,0.0004728890091655559,0.011300979066436411,6.488677286336834e-05,7.977046767134274e-05
V4,-0.39,-0.0007091943953128062,0.007342359313042824,-0.006178050486778375,-0.0016464816260850074,0.002126061990202288,0.012089799164095891,6.478587163457903e-05,8.355793237035143e-05
V4,-0.38,-0.0019178437069058418,0.006149038684088734,-0.007069619264802896,-0.001712820361717605,0.001289712724610581,0.011286616239431165,6.0240210348390106e-05,7.615552454990615e-05
V4,-0.37,0.0009998511523008347,0.011005505919456482,-0.008632257708813994,-0.0037867072882363643,0.006725328820175491,0.017353891098809977,5.7999338959248566e-05,7.229434238609053e-05
V4,-0.36,0.0027375949895940724,0.013126415171427649,-0.00930276419967413,-0.0049652772489935165,0.009610387065913528,0.021305322568514383,5.832401983441473e-05,7.72908328245493e-05
V4,-0.35,0.003012135621975176,0.013016344665084023,-0.010820077394600957,-0.006051202485105026,0.01137865406635683,0.02232404538372065,5.625754060332095e-05,7.344979047842123e-05
V4,-0.34,0.0023994796094484626,0.013635284811607556,-0.011972585273906588,-0.007327270053792751,0.01169032307807356,0.023763472931386784,5.5585243567674124e-05,7.327060410709364e-05
V4,-0.33,0.005094628699589521,0.01433704479131847,-0.014780989289283753,-0.010313622844842033,0.017472293134778737,0.027332802099408582,5.329110420749169e-05,7.224725820807881e-05
V4,-0.32,0.00531681056600064,0.016707202931866047,-0.015134039334952831,-0.0110866793897003,0.01790039620245807,0.03037605346762575,5.0907150023674235e-05,6.900077174255331e-05
V4,-0.31,0.0034116064663976433,0.013576791994273654,-0.015773910889402033,-0.012426209892146291,0.017638939269818365,0.027911133528687057,4.4776615400343416e-05,6.0882113547652466e-05
V4,-0.3,0.004197567942173919,0.011477695778012276,-0.01609713917132467,-0.012496552430093288,0.017912320305913453,0.026216131797991694,3.995144496090152e-05,5.245799469124726e-05
V4,-0.29,0.002464673016220331,0.012030434235930438,-0.017794567556120456,-0.013509511016309261,0.017495048110140486,0.028654606873169532,3.6383347435380074e-05,4.74800335738228e-05
V4,-0.28,0.003700603498145938,0.01259442929876968,-0.01799374205293134,-0.014665799390058964,0.01954720637295395,0.02915346763838897,3.423231606735114e-05,4.3872896283701956e-05
V4,-0.27,0.0027190186083316803,0.011404453302384352,-0.019294570200145245,-0.016120305715594443,0.020542798610404134,0.029511059750802815,3.1769011938244054e-05,3.9976533675380687e-05
V4,-0.26,0.002480507828295231,0.008905642037279903,-0.01905410069739446,-0.015953501459443943,0.019677015065099113,0.026993110287003217,2.9938012799815285e-05,3.780285185689881e-05
V4,-0.25,0.0013088147024063802,0.008736358024179935,-0.01981663579645101,-0.01676054964773357,0.019576086628239862,0.0273652686868445,2.8416050408886467e-05,3.591991340470303e-05
V4,-0.24,0.0016082942558568903,0.00812206762493588,-0.01904671904630959,-0.016513325762934985,0.018921689383569175,0.026321687828749416,2.82076211976126e-05,3.5639288001297644e-05
V4,-0.23,-0.0024901732365833597,0.005203594680642707,-0.02006532547529787,-0.016793751053046434,0.01535503824005673,0.02417855074163526,2.7297742183181903e-05,3.442826317621876e-05
V4,-0.22,-0.0019765627177548593,0.004719854332506657,-0.018855322094168514,-0.014546811440959572,0.013760883460054173,0.022889963589841498,2.729970471912912e-05,3.4775576610733124e-05
V4,-0.21,-0.0026531359369982967,0.005071987863630056,-0.019247572933090852,-0.013565704063512384,0.01210713000909891,0.022435019980184726,2.7896591517817423e-05,3.440259020884202e-05
V4,-0.2,-0.0034332338254898787,0.0032429140992462635,-0.01544205378741026,-0.009414413469494324,0.007713343425211861,0.017104834662313804,2.7565449085325877e-05,3.389037384679854e-05
V4,-0.19,-0.0027259347349172457,0.006294107649591743,-0.011243357323110104,-0.005382614937843756,0.005206367204664275,0.015190108021488413,2.5796819210288508e-05,3.135658803473663e-05
V4,-0.18,-0.0029793114808853716,0.008381194400135426,-0.005900982581079006,-0.0013674207402800682,0.00027282556802674666,0.012493594532861597,2.5439415250206838e-05,3.1198782815441235e-05
V4,-0.17,-0.0031087714509340004,0.007517813122831285,-0.0027365245114197023,0.0031746844353619957,-0.002458192148424132,0.009478161731703948,2.4267465157998575e-05,2.9517079931257724e-05
V4,-0.16,-0.0018528645450714976,0.007771420758217573,0.0004557365318760276,0.006947252168902193,-0.006869104416909977,0.005322824127506459,2.347187659073763e-05,2.875498443874475e-05
V4,-0.15,-0.0020500602549873292,0.006934172939509153,-0.00025743025653355287,0.006173317035427317,-0.005390445705779711,0.004810536434524689,2.232411271470736e-05,2.7384894630246038e-05
V4,-0.14,-0.0036696616240078582,0.00528318015858531,-0.0037225543230306355,0.0023388611152768135,-0.004440908127071452,0.006217033297070882,2.0619543489482392e-05,2.5439937304383463e-05
V4,-0.13,-0.007739277716609649,0.0008431310998275876,-0.010662174911703914,-0.004051554831676185,-0.0009971985564334318,0.008824683260172599,1.891521104436554e-05,2.3718396420803426e-05
V4,-0.12,-0.011435352265834808,-0.0031722543819341837,-0.018587059635319748,-0.013895407778909434,0.004014887599623762,0.013487046112732057,1.7481826117685386e-05,2.1499858222398616e-05
V4,-0.11,-0.01666896415408701,-0.0062593042937805895,-0.0285013260319829,-0.023450929450336843,0.00838700556778349,0.019924140610964963,1.6061647418661756e-05,2.0150319337935935e-05
V4,-0.1,-0.018699299544095993,-0.011643020773772156,-0.035991046414710584,-0.03178383412305266,0.01462475394946523,0.02295799890998751,1.6441415353485337e-05,1.9777985857344386e-05
V4,-0.09,-0.020949413999915123,-0.011828183196485043,-0.04168733833357692,-0.03829994695261121,0.017942434182623403,0.02807729847554583,1.7765701922014114e-05,2.283128283697275e-05
V4,-0.08,-0.0211408119648695,-0.012856598012149334,-0.045684026554226875,-0.0412797202821821,0.021439744002418593,0.031268239830387755,2.0669389964876103e-05,2.6304569813025378e-05
V4,-0.07,-0.02626035548746586,-0.017430120811332023,-0.05039429215248674,-0.045525703974999485,0.021501203370280563,0.03101437927689403,2.475882034705007e-05,3.364237482870533e-05
V4,-0.06,-0.02733658906072378,-0.016389470547437668,-0.04883157424628735,-0.04399867267347873,0.018950784904882313,0.029872676276136184,3.516391058668102e-05,5.128097566100772e-05
V4,-0.05,-0.024209391482872888,-0.012648389901733026,-0.04650877388194204,-0.04127749293111265,0.01881212389562279,0.03246854769531637,5.5334295175593795e-05,7.934807822552274e-05
V4,-0.04,-0.017943240702152252,0.0017820756474975497,-0.04425548673607409,-0.03833058103919029,0.022757106367498635,0.043732452682888834,8.09313272463865e-05,0.00011374176108427531
V4,-0.03,-0.010126029141247272,0.021866782428696743,-0.032881679106503726,-0.02220183168537915,0.017493499311967753,0.05077025503851473,0.00011261528337743619,0.0001539087425684808
V4,-0.02,0.04787421543151141,0.1124810353387147,0.1339625120162964,0.16295177908614278,-0.10735275223851204,-0.03324656491167848,0.00018862771553916196,0.00023088550481605935
V4,-0.01,0.025413835246581588,0.21400149529799817,0.46931522339582443,0.5366571359336376,-0.49569522491801765,-0.2880204741843045,0.00037511859556618623,0.00044700594831703
V4,0.0,-0.17644493642728776,0.12365394169464679,0.6135653890669346,0.6943499397486448,-0.8201194223947823,-0.51061706840992,0.0004900588981545984,0.0006119305411856444
V4,0.01,-0.3002096309326589,-0.2046593200415373,-0.06686028093099594,0.021413064317312023,-0.2880647415964631,-0.1681281535420567,0.0002450474011408064,0.0002942268192552153
V4,0.02,-0.33580535650253296,-0.27203258797526364,-0.3176604647189379,-0.2797264775261283,-0.03711774162948132,0.036526975408196403,0.00018872307399444595,0.00022111572418553237
V4,0.03,-0.2032892182469368,-0.13703193692490465,-0.19936600737273694,-0.16477202139794828,-0.01955853821709752,0.04870705865323543,0.00010786916617590254,0.0001329646086499506
V4,0.04,-0.1277319303713739,-0.08765706680715085,-0.0968021041713655,-0.0826348745264113,-0.03899123705923557,0.0059700363781303055,5.510235239855153e-05,7.034627329026933e-05
V4,0.05,-0.07976613421924413,-0.05869551529176534,-0.05754477609880269,-0.05010562881361693,-0.02706462871283293,-0.004271240578964353,3.3169463614388545e-05,4.289090866476099e-05
V4,0.06,-0.06003635176457465,-0.0467454175464809,-0.0494657912524417,-0.04099594815634191,-0.016682959883473812,0.0005264994688332052,2.3567644224925623e-05,2.9038496466883787e-05
V4,0.07,-0.04679384455084801,-0.032967906445264816,-0.03721296414732933,-0.03065565126016737,-0.014004427543841302,0.002051851013675331,1.9520888314452642e-05,2.3234636683369717e-05
V4,0.08,-0.04191982299089432,-0.030771149694919588,-0.03206779435276985,-0.02652195863192901,-0.013380055828019977,-0.0008797713264357324,1.870394539501346e-05,2.2351801668500155e-05
V4,0.09,-0.03529226020909846,-0.020664146670605996,-0.025694804964587092,-0.018466800451278687,-0.013961940386798233,0.0019216954475268708,1.8520292513675024e-05,2.49682064985227e-05
V4,0.1,-0.031231435481458902,-0.01721850784379058,-0.021242361725308002,-0.015567776805255562,-0.012106811755802482,0.00225399289047345,1.8453657011403183e-05,2.2520147435855724e-05
V4,0.11,-0.024249036237597464,-0.014103112358134277,-0.015296900691464544,-0.008120552625041457,-0.013173656072467566,-0.0011420120601542312,1.9210136374220226e-05,2.401729586286043e-05
V4,0.12,-0.020901265554130077,-0.009230866405414423,-0.012636373715940863,-0.003979523078305651,-0.01373023988926434,3.265810955781151e-05,2.1388523262905122e-05,2.7415690697993863e-05
V4,0.13,-0.015205426741158589,-0.0020959683984983725,-0.0034800280845956877,0.004557825159281492,-0.01611155583468644,-0.0013481731337378752,2.336343738701094e-05,3.052483691064801e-05
V4,0.14,-0.012904128758236766,0.003163587785979864,0.0018639059911947698,0.011464878468541426,-0.021123148457263596,-0.0012485678947996405,2.6691412296329668e-05,3.5294056553819487e-05
V4,0.15,-0.008054787293076515,0.010513676106347703,0.011522410370525904,0.0197379631223157,-0.024715700722299516,-0.003961494669783862,3.176768228608496e-05,4.307053510970964e-05
V4,0.16,-0.00013651066328748102,0.01972269034013152,0.02057440533535555,0.029396845027804375,-0.02654040130873909,-0.0035767879220657117,4.051102194427053e-05,5.388055220157392e-05
V4,0.17,0.008529955928679556,0.03124269563704729,0.03328091693110764,0.04171295815613121,-0.030282907593937126,-0.006820302736014131,5.0633371394900485e-05,6.656592995798723e-05
V4,0.18,0.02136494778096676,0.046589524671435345,0.046590663492679596,0.05774353817105293,-0.03231357668992132,-0.004058486060239398,6.062042607466977e-05,7.789452452901741e-05
V4,0.19,0.03517931355163455,0.06065145125612612,0.0648471700027585,0.07746807113289833,-0.03969357346650213,-0.009512488031759858,7.420714755396262e-05,9.490677966897383e-05
V4,0.2,0.0471975848544389,0.07400234416127205,0.08112248945981264,0.09767942912876605,-0.04517665859311819,-0.013101455988362437,8.671987911528973e-05,0.00010784127958203322
V4,0.21,0.053307014890015124,0.08680705465376376,0.09866409692913294,0.11684221983887255,-0.0580873450729996,-0.021822133008390667,9.625587307719259e-05,0.00012188442068549927
V4,0.22,0.057205805554986,0.08737283749505878,0.11364980041980743,0.12816937146708368,-0.06705025439150632,-0.03091353094205262,9.870252753858719e-05,0.0001207187432845451
V4,0.23,0.05703314021229744,0.08361566113308071,0.12328691454604268,0.1443670392036438,-0.08241362399421633,-0.04500799644738436,0.00010226783588900808,0.00012824829841121216
V4,0.24,0.055822684150189164,0.07939493814483285,0.1252891780808568,0.14931130539625884,-0.08771607368253172,-0.05537569262087346,0.00010221143758916492,0.0001317141155668807
V4,0.25,0.050555988564155996,0.07961758561432361,0.12542595192790032,0.14766418933868408,-0.08582903752103448,-0.05359629895538092,9.996676050425421e-05,0.0001236130869650478
V4,0.26,0.04843761916272342,0.07180651689413935,0.11365892319008708,0.14086931720376014,-0.08716144864447414,-0.05277947150170803,9.368882107650381e-05,0.00011606075621936734
V4,0.27,0.0412104076705873,0.06096164528280496,0.10012338683009148,0.1255442863330245,-0.08015218004584312,-0.0476004142779857,8.598286501889505e-05,0.00010706052788284956
V4,0.28,0.03328583366237581,0.05097383358515798,0.0812351331114769,0.10773004638031122,-0.06981017091311514,-0.035510428342968234,7.99502185780245e-05,0.00010056866287120907
V4,0.29,0.02623615227639675,0.040749146486632526,0.06226988262496889,0.08924224902875721,-0.05820321615319699,-0.026890251715667553,7.453229510085316e-05,9.51463376350081e-05
V4,0.3,0.021074635908007622,0.03441222937544808,0.04407297074794769,0.06060895933769643,-0.03604402185883373,-0.01382448801305146,6.961494564320955e-05,9.352838191291018e-05
V4,0.31,0.015039541514124722,0.02946796454489231,0.03026007115840912,0.039996677264571186,-0.021907455765176564,-0.003057915845420213,6.567773007544793e-05,8.886184456222875e-05
V4,0.32,0.01254274696111679,0.02553707454353571,0.017260337667539715,0.024780309782363466,-0.00986890202620998,0.004729660367593152,6.136556246380781e-05,8.511068234092938e-05
V4,0.33,0.008590081307920628,0.02068348415195942,0.00624296238165698,0.015155408153077584,-0.0027529611368663606,0.01165564476978033,5.716319945364508e-05,8.04759105347203e-05
V4,0.34,0.007366179807286244,0.01835440903669223,0.0011023257829947397,0.008235819358378646,0.0029432636161800477,0.015552234157075864,5.225051497531302e-05,7.095371730672182e-05
V4,0.35,0.0065624333394225685,0.017746843933127816,-0.002648136126663303,0.0015318845660658546,0.00679717999046261,0.018679971726305665,4.652614794126651e-05,6.34193937821248e-05
V4,0.36,0.003277671177056618,0.015056602616095914,-0.005459042399888858,-0.0016197422613913664,0.006190180344128749,0.0193667995648866,4.4186258122425174e-05,6.127837936364795e-05
V4,0.37,0.00017729749142745302,0.014032346339081405,-0.007312129903584719,-0.0028757244028383877,0.005384511644660961,0.019323951368278348,4.300455655818109e-05,5.852585630616362e-05
V4,0.38,0.00022750811604055362,0.0110486704565119,-0.0086588331439998,-0.0046661266183946285,0.005907054672206868,0.018088839654228646,4.221605644562365e-05,5.826301777913796e-05
V4,0.39,-0.0018870566273108125,0.00814823436958249,-0.008283958412357606,-0.004291662530158655,0.0035518418881110847,0.014827741563203744,3.982215443663418e-05,5.6493530104443634e-05
V4,0.4,-0.0005415759602328763,0.010438806377351284,-0.0099527882412076,-0.006739367730915546,0.00783902249277162,0.018840023037046193,4.131981488729935e-05,6.936674499959912e-05
V4,0.41,-0.00019816017484117757,0.009035484457854182,-0.009968395822215825,-0.006041611143155024,0.006908723336528056,0.017536318884231145,4.10089049434988e-05,5.934061024365658e-05
V4,0.42,-0.0014578733389498664,0.007221252424642444,-0.010244382365635829,-0.005407328482397134,0.005463355404208415,0.015122241250355726,4.0835766065614946e-05,5.650652222634688e-05
V4,0.43,-0.003099133653449826,0.005015619099140167,-0.009739966804227151,-0.0048000077222241115,0.00311517289665062,0.01310774968451369,4.3616196459416074e-05,5.928890045662027e-05
V4,0.44,-0.002660829937667586,0.006076057907193899,-0.009927231655456125,-0.0046431338996626575,0.004051296955731231,0.014624007820384578,4.537790386008042e-05,6.339196665733029e-05
V4,0.45,-0.00194414924189914,0.006327805080218241,-0.008696037344634533,-0.003828793956199663,0.004053406678224292,0.013496731169288977,4.947673199908568e-05,6.952553521824148e-05
V4,0.46,-0.004763925515726441,0.0029116561636328697,-0.008209067268762738,-0.004232589187085978,0.0021225715210675847,0.01047540401414153,4.9885180045859096e-05,7.264267857141546e-05
V4,0.47,-0.00598624580889009,0.002440823731012641,-0.007725465134717524,-0.0032258427760098133,-0.0013749624806223438,0.0093572146958877,5.2077695627521924e-05,7.588067247445988e-05
V4,0.48,-0.006946919829351827,0.0020181764321023326,-0.009525107219815254,-0.005304221285041426,0.0006017891711962875,0.010386840625142207,5.384778838147093e-05,7.436549836188748e-05
V4,0.49,-0.009011386171914637,-5.47700886727403e-05,-0.010373511351644993,-0.006271665479289369,-0.0016695849539246409,0.008875269250347623,5.435340128943811e-05,7.23263655307184e-05
V4,0.5,-0.010077787781119696,-0.00039606418358744164,-0.013196867436636239,-0.008165380253922196,-0.0007695021253312006,0.01100500877946615,5.344475398914931e-05,6.95618985411961e-05
V4,0.51,-0.010173566329922324,0.0004935953122185296,-0.012625502096489072,-0.007883430086076261,-0.000998672656714916,0.01126706697305053,5.775913635967149e-05,8.232245426934403e-05
V4,0.52,-0.015198100125417113,-0.004187614656984806,-0.015408754337113351,-0.009367133171326716,-0.004493341199122369,0.008064456094871275,6.033134043867741e-05,8.950101756985515e-05
V4,0.53,-0.013103898975532501,-0.0010818514405400495,-0.0157113351568114,-0.011132842628285289,-0.00012452296214178187,0.012459910387406126,6.141679831092427e-05,9.182105525546263e-05
V4,0.54,-0.012456533103249966,-0.002511529019102454,-0.018253491865471004,-0.012106949956796599,0.0024541881575714797,0.013970626774244009,6.456288426382942e-05,9.028281650650209e-05
V4,0.55,-0.011346074711764232,-0.0012439865313353987,-0.018585250689648093,-0.014005245990119876,0.005488381662871689,0.01563540610459313,6.958844950742149e-05,0.00010091958695891867
V4,0.56,-0.013122681411914527,-0.0033772585447877645,-0.020007742568850517,-0.016291739803273232,0.004743465385399759,0.015324957919074213,6.480465718046056e-05,8.690109749537625e-05
V4,0.57,-0.015019005164504051,-0.005794847384095192,-0.019997913984116166,-0.01648612692952156,0.0030488124233670534,0.013028874888550488,6.517135645140797e-05,8.572783967644533e-05
V4,0.58,-0.01606445573270321,-0.00595680708065629,-0.021457375632598995,-0.01818470486323349,0.003708747465861961,0.01435119273373857,6.452329289380917e-05,8.507572061564796e-05
V4,0.59,-0.015606256772298367,-0.008807771606370807,-0.02187682893127203,-0.01841115765273571,0.003666782005166169,0.01169738518365193,6.145949011930344e-05,8.304066056923183e-05
V5,-0.4,-0.006437311298213899,0.0039509044023361625,-0.006593259982764721,-0.0008552531944587827,-0.0038757740141591055,0.006995100040512624,9.188622247553082e-05,0.0001050612212615923
V5,-0.39,-0.006469096057116985,0.0029036745807388795,-0.007696770978509448,-0.0035319458693265915,-0.0012250144223798997,0.009191451250808311,8.788771728497688e-05,0.00010054467071026285
V5,-0.38,-0.004667570907622575,0.004195410758256912,-0.008813925087451935,-0.0036821084329858446,0.0012471265072235838,0.01127256215768284,8.251861534411651e-05,9.408940726446195e-05
V5,-0.37,-0.002441729884594679,0.00584192039677873,-0.010096473654266446,-0.005812725285068154,0.005233053269330412,0.014100214802238041,7.827438085927332e-05,8.89295965233699e-05
V5,-0.36,-0.0017806245014071465,0.006153682246804236,-0.010737005951523316,-0.006998552172444765,0.006425280689654755,0.015663220805436136,7.870447990790855e-05,9.125290306259211e-05
V5,-0.35,0.0004394712412249647,0.008600128348916767,-0.012939427059609442,-0.008726416725494348,0.010264263344288338,0.019319092232035474,7.375531942674787e-05,8.698110313892584e-05
V5,-0.34,-0.00022193943659658532,0.006214716145768753,-0.01420016521587968,-0.009625527076423168,0.010695987010694807,0.018939721281640228,7.207419634807848e-05,8.298370124770514e-05
V5,-0.33,0.0009883051301585511,0.007337726186960936,-0.015786644211038946,-0.011755146086215973,0.013936269984696992,0.021785999555140732,6.747406947932453e-05,7.700279746460666e-05
V5,-0.32,0.0003530037505697692,0.008442709000519244,-0.015190376981627196,-0.011467091599479319,0.01331564962893026,0.0227575124008581,6.699750140987408e-05,7.621171175645645e-05
V5,-0.31,0.00040898695660871473,0.009248853503959245,-0.016280392929911614,-0.012982953130267563,0.015265243564135745,0.024130023799807523,6.32078359946339e-05,7.100294057870353e-05
V5,-0.3,0.00012380391999613493,0.008345184847712517,-0.015789289865642785,-0.01186881899193395,0.013918323755524398,0.022653327032458034,6.227252935408563e-05,7.054777524878154e-05
V5,-0.29,0.0005774719174951315,0.008148785680532455,-0.016950331773841754,-0.01405556034296751,0.016031800917699002,0.023406033392529932,6.0750699368986164e-05,6.879197068149695e-05
V5,-0.28,0.0014356639658217318,0.0092593387234956,-0.01715248916298151,-0.013811184675432743,0.016632186259084848,0.025274754769634453,6.0266620142717874e-05,6.867309657863957e-05
V5,-0.27,0.00202659204005613,0.008833075850270681,-0.018188822292722763,-0.014931805431842804,0.018368834932243772,0.02575053431355627,5.766807026413777e-05,6.602105515365063e-05
V5,-0.26,-0.00018697190598686574,0.008272296749055386,-0.01769684983883053,-0.014844856224954128,0.016010363670648075,0.024604362467835008,5.8009748941031527e-05,6.621712804460891e-05
V5,-0.25,0.00013086549006402493,0.00620878953486681,-0.018629663554020227,-0.01526936935260892,0.017150386670982697,0.02433730633347295,5.676876322935881e-05,6.501209147375749e-05
V5,-0.24,0.0005184622525121086,0.0071748788468539715,-0.01806489103473723,-0.014908531575929375,0.015934318289509974,0.023793258192017674,5.721611634609955e-05,6.519999799604305e-05
V5,-0.23,-0.0005762002612755168,0.005768466598237863,-0.018916433851700276,-0.01416980946669355,0.015506538617773912,0.022845383585081435,5.724935332781036e-05,6.499902261978878e-05
V5,-0.22,-0.0017619361940887756,0.005273785314057022,-0.016001088544726372,-0.012223592313239351,0.011684263724600897,0.01978726429515518,5.819937001559222e-05,6.686799294376124e-05
V5,-0.21,-0.002874956945015583,0.0038282616384094576,-0.01644891866017133,-0.012424601323436946,0.011006264544994338,0.01897347192571032,5.992258707325282e-05,6.900471450268397e-05
V5,-0.2,-0.0026353595312684774,0.005082137417048216,-0.014230325841344893,-0.009464970405679198,0.00895079345209524,0.017283947044052166,6.153615596658963e-05,6.946208788150361e-05
V5,-0.19,-0.0007750656623102259,0.0066207232885062695,-0.011331506993155927,-0.006030889067915269,0.0067435094155371186,0.016421831131447105,6.195194703818393e-05,7.067061753922149e-05
V5,-0.18,0.0003590997224819148,0.00729920428129844,-0.006723052373854443,-0.0007111455226549914,0.002896552732636337,0.01219506178749725,6.280264431784224e-05,7.179249466575625e-05
V5,-0.17,-0.00029655432372237555,0.006776616175193331,-0.0015123997289265387,0.0043586185202002525,-0.0026715421452536245,0.00611947989282271,6.043495214216018e-05,6.990195264563608e-05
V5,-0.16,0.000438135233707726,0.007841125595950859,0.002958790674165357,0.008975515418569552,-0.007062012095411773,0.0022004632715834304,5.635565221059122e-05,6.411448913849753e-05
V5,-0.15,3.7716141105192976e-05,0.009306864815880542,0.0030471497448161244,0.010130421782378107,-0.008896216833272774,0.003665678680408733,5.182217524828358e-05,5.9472075537616536e-05
V5,-0.14,-0.0016009797691367567,0.005953390408467384,0.0022383485920727253,0.00982241294404957,-0.00865501489752205,0.0019961074445745837,5.090458786911828e-05,5.8778597777966374e-05
V5,-0.13,-0.004210903658531606,0.004093676492630033,-0.0027286576165352016,0.0037086258525960147,-0.006244475264975335,0.00429871643991646,4.7077984668067064e-05,5.5101218303437644e-05
V5,-0.12,-0.006272234380594454,0.001159370714231042,-0.011214839620515704,-0.0038413744186982512,-0.00028568007983267304,0.009465361620095786,4.38773584663055e-05,5.277975270691277e-05
V5,-0.11,-0.008759337477385998,-0.0022883718098455582,-0.02089577727019787,-0.01676823241286911,0.009367066342383623,0.016654124112392307,4.192141002945936e-05,4.8821719735386055e-05
V5,-0.1,-0.014570532261859625,-0.006837128393817693,-0.028808398346882313,-0.023821964906528593,0.01149408403725829,0.019769510654441547,4.0467879405130826e-05,4.83588947786336e-05
V5,-0.09,-0.015837965137325227,-0.007343676890013742,-0.03662656804081053,-0.03357321539660916,0.01834680959582329,0.027877437433926386,3.840217088743676e-05,4.505516544999852e-05
V5,-0.08,-0.017603292013518512,-0.007016779272817079,-0.03879234921187162,-0.03482356294989586,0.01892778818291845,0.030869759930646966,4.2058786985490037e-05,5.020563163922173e-05
V5,-0.07,-0.02061409130692482,-0.01387301429640502,-0.0427998669911176,-0.03933594427071512,0.019815710943657906,0.027441966533660888,4.4449307830180055e-05,5.7391179155504044e-05
V5,-0.06,-0.021701648039743303,-0.014441139786504213,-0.041952794417738914,-0.037635685876011855,0.017169595649465918,0.025887180096469814,5.156972140890945e-05,6.233262003542366e-05
V5,-0.05,-0.0204937458736822,-0.00972250444465317,-0.041989182122051716,-0.03742341729812324,0.01823867147322744,0.03036275237682275,7.397180417337396e-05,9.486377236124503e-05
V5,-0.04,-0.013581672753207385,0.0002325767973161346,-0.04347001044079661,-0.036526065319776535,0.024719146906863897,0.04113237757846945,0.00012636849385624254,0.0001662133125185411
V5,-0.03,-0.01364396484568715,0.013784488753299226,-0.048303116112947464,-0.037657017540186646,0.0299158845708007,0.05927596321853341,0.00018960171966039352,0.0002566479246127012
V5,-0.02,0.05416261898353696,0.09475646363571277,0.08628159682266415,0.11549171805381775,-0.0519671113230288,4.087770357726696e-05,0.00024434991075365163,0.0003054121027898237
V5,-0.01,0.16245383769273758,0.2736949365586042,0.4724634401500225,0.5359862238168717,-0.34861429389566184,-0.21413127509877095,0.00044177370590726717,0.0005101887549578827
V5,0.0,0.14835260808467865,0.4057876255363226,0.7861459493637085,0.8791755855083465,-0.6705355528742075,-0.3972689846530557,0.0006734555501847675,0.0008184170654465099
V5,0.01,-0.10832982743158937,0.028423981741070747,0.21517779994755984,0.285516619682312,-0.36268853507936,-0.21381342441309245,0.0002998520358534721,0.00036276931851550557
V5,0.02,-0.16455048099160194,-0.11420430429279804,-0.15102507844567298,-0.12066157856024802,-0.02958657220005989,0.02793150488287209,0.000125208816414869,0.0001461911356355879
V5,0.03,-0.12710993285290897,-0.08913392843678594,-0.11461155768483877,-0.09738258388824764,-0.02282747966237366,0.01856510736979544,9.81334048449279e-05,0.00011783101745081315
V5,0.04,-0.09873375571332872,-0.0742779415100813,-0.07397384196519852,-0.06452821008861065,-0.02993208528496325,-0.004715972580015668,8.226185396824962e-05,9.66661891463663e-05
V5,0.05,-0.07297545932233333,-0.055819817190058546,-0.05222498765215278,-0.04476177536416799,-0.02471717877779156,-0.00621717632748188,7.508832254916823e-05,8.552777753060693e-05
V5,0.06,-0.06498579191975296,-0.04928267162758858,-0.051576144993305206,-0.0440121506806463,-0.01768562779761851,-0.0008938912535086307,6.822587774152422e-05,7.716085166773906e-05
V5,0.07,-0.05439567193388939,-0.04318412020802498,-0.04185607926920056,-0.035645996872335675,-0.015738314646296204,-0.0032325862208381294,6.750200796680603e-05,7.658752125764943e-05
V5,0.08,-0.048357943654991686,-0.03739692270755768,-0.03982381485402584,-0.03458094783127308,-0.012287671817466617,0.001550063355534794,6.40508423877592e-05,7.315341406131125e-05
V5,0.09,-0.04210432432591915,-0.032311832229606804,-0.03530963468365371,-0.027559594041667884,-0.01251615178771317,0.0010169105837121585,6.758353727961067e-05,7.711394270480158e-05
V5,0.1,-0.04110915078781545,-0.03165083250496537,-0.0327900699339807,-0.025471154018305242,-0.01354466286720708,-0.0005779993138276052,6.757314612708209e-05,7.761820562260176e-05
V5,0.11,-0.03885510680265725,-0.025361666572280228,-0.026001871447078884,-0.01950994298094884,-0.01678547536721453,-0.0003764177556149682,7.573084127317627e-05,8.603385695043709e-05
V5,0.12,-0.03561420384794474,-0.025367117766290904,-0.022774320328608155,-0.01814801250002347,-0.015420322306454182,-0.003616460534976796,7.517143660360235e-05,8.601330824702138e-05
V5,0.13,-0.029357116669416428,-0.017291409894824028,-0.017727792100049555,-0.011474229395389557,-0.015449223353061824,-0.001628673786763107,8.157491612149068e-05,9.27858320229369e-05
V5,0.14,-0.028941231244243682,-0.014607715024612845,-0.013723231188487261,-0.006470527034252882,-0.019658748444635422,-0.0033942808979190945,8.143992872145016e-05,9.388843889481279e-05
V5,0.15,-0.023493697866797447,-0.009527300782792743,-0.005302954811486416,0.0036168413935229182,-0.02305747517530108,-0.00693690166517628,8.341004723144617e-05,9.668547716887814e-05
V5,0.16,-0.018162206374108793,-0.0003751506028493351,0.0019271973287686706,0.010586959542706605,-0.02526527482550591,-0.004709424801512797,8.219043087844584e-05,9.533628789462066e-05
V5,0.17,-0.009705594793194905,0.00849551078863442,0.0132618700445164,0.02172348558669909,-0.027793011162430048,-0.00822829869866837,8.339584244672647e-05,9.603150223502287e-05
V5,0.18,-0.004221826232969761,0.018743287306278944,0.02181097905850038,0.031747552216984325,-0.0317990375100635,-0.005559684056788694,8.561523876473524e-05,9.943389213351021e-05
V5,0.19,0.004265679878881201,0.03011466029565781,0.036645078612491486,0.047249600291252136,-0.03594608363055159,-0.008942310861311855,9.2484574089899e-05,0.00010683773627938842
V5,0.2,0.01693112117354758,0.03974440321326256,0.05010212366469204,0.06204701920505613,-0.04031557599082589,-0.014001021278090785,9.839667702000334e-05,0.00011358947494661092
V5,0.21,0.027714229188859463,0.049004661012440914,0.06339060459285975,0.08011149736121297,-0.047863701032474636,-0.021170393936336053,0.0001069781563984823,0.00012283500834242615
V5,0.22,0.032278607261832806,0.055109315807931124,0.08061072430573404,0.09586062617599964,-0.05958321032812819,-0.03071845544036478,0.00011079323982619323,0.00012735818416075213
V5,0.23,0.03578483290039003,0.05093179617542772,0.09950748817063867,0.11153987580910325,-0.071620315592736,-0.05161525011062623,0.00011201324882836094,0.00012868484617145173
V5,0.24,0.03190856559667736,0.04800410603638738,0.09986260673031211,0.11898451298475266,-0.08281162402126938,-0.05624111322686077,0.00010707818705244436,0.0001228466262233338
V5,0.25,0.029361977998632938,0.05066440626978874,0.10020134942606092,0.1177758015692234,-0.08537861320655793,-0.05725725924130529,0.00010524924861746553,0.00012261601472660148
V5,0.26,0.02866508439183235,0.04779573623090982,0.09794053984805942,0.11791206002235412,-0.08464728794642724,-0.055718034459278,9.525919513784755e-05,0.00011082514502990402
V5,0.27,0.02915382105857134,0.04365641623735428,0.08710474404506385,0.107275244127959,-0.0742859578691423,-0.04797171831596643,8.804622175863221e-05,0.00010164645072297367
V5,0.28,0.0232812053989619,0.03719617901369929,0.06977777332067489,0.09264415502548218,-0.06361442951019854,-0.03613963444950059,8.054452676887737e-05,9.382905655554086e-05
V5,0.29,0.017650837497785687,0.0347672663629055,0.05684414692223072,0.07519953418523073,-0.052435065433382985,-0.026585639081895353,7.545994925042974e-05,8.85226668784119e-05
V5,0.3,0.016517538635525852,0.029309296049177647,0.038367440924048424,0.053114868421107526,-0.03275305440765806,-0.012218779348768296,7.198922051376365e-05,8.450353948956759e-05
V5,0.31,0.014231156429741532,0.02395370651502162,0.023652100935578346,0.03385423496365547,-0.01631640566047281,-0.0004412233247421758,6.987499524548104e-05,8.224256472693633e-05
V5,0.32,0.009486492839641869,0.022074700333178043,0.011434497806476429,0.01969222964253276,-0.008059001911897212,0.008155534765683113,6.502360843861835e-05,7.641834109003337e-05
V5,0.33,0.008268384828261333,0.01958813604433089,0.002773292084020795,0.0108605645596981,0.0004804878039976757,0.01453564792172983,6.530420904378494e-05,7.835290026555015e-05
V5,0.34,0.006737540184985846,0.017011161311529577,-0.0015570999821648002,0.0026236226636683563,0.006055164663393953,0.01657514866483324,6.796434973377657e-05,8.385933843896666e-05
V5,0.35,0.004609571312903427,0.01398626237059942,-0.003965537681506248,-0.00024182131164707243,0.00594398221001029,0.016298000390088416,6.821917265825623e-05,8.265201044067905e-05
V5,0.36,0.0015879350135946878,0.010658595454879094,-0.007247110363095999,-0.004058459377847615,0.006450649566249922,0.01592033093656937,6.847595770434439e-05,7.949239934990784e-05
V5,0.37,0.0021496454661246393,0.009614495153073221,-0.009412502695340663,-0.005131094751413913,0.007917066807567607,0.017901438337867143,7.004499720654037e-05,8.107970976928709e-05
V5,0.38,0.0010415330121759327,0.007600660729804076,-0.011947911302559077,-0.008050028933212161,0.009465096306303166,0.018064010651141868,7.362900707228213e-05,8.75784375110077e-05
V5,0.39,-0.0013385349993768614,0.0073836855590343475,-0.011327948443067726,-0.007484592031687498,0.007425782088830601,0.016918482937398942,7.423264367035682e-05,8.744069695478008e-05
V5,0.4,-0.0011576493343454786,0.00574133126065135,-0.011616276425775141,-0.009158538654446605,0.008534886181087132,0.016515150701161472,7.463358493662114e-05,9.070750986001818e-05
V5,0.41,-0.00310355883120792,0.00502577019797172,-0.011583973956294357,-0.008422511396929622,0.006861499955994077,0.015425527124898504,8.056224838590908e-05,9.613621944774191e-05
V5,0.42,-0.0037291187414666637,0.00307908294489607,-0.012230926577467471,-0.008111425267998129,0.0054757460380642446,0.01373069754336029,8.30495115739757e-05,0.00010225234126293292
V5,0.43,-0.005095913049444789,0.0028406167228240487,-0.012255246751010418,-0.007984918174042833,0.004144431574968621,0.013254230026359436,8.565382361849737e-05,0.00010037928971540852
V5,0.44,-0.0034943076025228947,0.002392767579294741,-0.012616485958278644,-0.00901345070451498,0.006796715750533621,0.01350292792485561,8.765269795970204e-05,0.00010672169561195901
V5,0.45,-0.006220958079211414,0.0025628228977438976,-0.010466281906701624,-0.0067457679004292006,0.002064160459121922,0.011524452125013337,9.298044997654263e-05,0.00011223829748606027
V5,0.46,-0.0055608502589166164,0.0014022797113284469,-0.011149097234010696,-0.0067646471026819215,0.00289075494511053,0.01079200956446584,9.535976333151732e-05,0.00011954006400799117
V5,0.47,-0.005428631324321032,0.0022616294385443296,-0.010481086885556578,-0.00658614456187934,0.0021164559468161317,0.011197595291696415,9.790569430764499e-05,0.00012700979709203761
V5,0.48,-0.006704353727400303,0.0009273544710595161,-0.011938743223436177,-0.007302865252131598,0.0017445947916712612,0.011054114622038464,9.965137650999698e-05,0.00012410185952954492
V5,0.49,-0.010245399083942175,8.469238673569635e-05,-0.01207716993521899,-0.006624522400670692,-0.0008728523622266947,0.010125516209518534,0.00010089292153256216,0.00012727105566070934
V5,0.5,-0.008103816196671687,0.0008068901370279491,-0.0121955901151523,-0.008508249372243884,0.0018875027511967347,0.012089437916438328,9.814436902015296e-05,0.00011755744578152367
V5,0.51,-0.008906781924633834,-0.0011227106981095874,-0.01194717080798,-0.008055493931169623,0.00017613947275094694,0.008896100059791932,0.00010017633637294611,0.00012510410145338157
V5,0.52,-0.010593237320426852,-0.002245032461360097,-0.014803702777135186,-0.010030032115173526,0.0001716395898256451,0.010234279990254435,0.00010581472060031607,0.00013754660389877729
V5,0.53,-0.009074144688202068,-0.0025860455294605365,-0.014724149543326348,-0.009807705879211426,0.0015446392586454748,0.010978283683652989,0.00010251035805969007,0.00012817495544010775
V5,0.54,-0.008828715108575125,-0.0020806865635677276,-0.016585037359618582,-0.010944234882481398,0.004016019377741031,0.013630930153885855,0.00010150074340748759,0.00012593472850145324
V5,0.55,-0.009883894072845577,-0.00216891694144579,-0.0168267750646919,-0.012275256286375226,0.0033864476514281704,0.013777333844336668,0.00011123593802703197,0.0001415790151779637
V5,0.56,-0.011552522890269756,-0.002621919550870189,-0.019469912047497928,-0.014522542175836864,0.004980957048246637,0.01565867996177984,0.00010343424781945026,0.0001337096798452453
V5,0.57,-0.013146994018461556,-0.00483411131426692,-0.01842644184362143,-0.014018060464877639,0.002507913383306004,0.011691057286225258,9.614071229284009e-05,0.00012229812304044514
V5,0.58,-0.011789904942270368,-0.004121110774576664,-0.019274158403277397,-0.01448644832125865,0.003983607619011309,0.013643025554483755,9.518670820016645e-05,0.00012048426661649964
V5,0.59,-0.012632648373255506,-0.0052862389304209525,-0.019371360074728727,-0.015366490685846657,0.0038894147495739163,0.012462445325218128,9.386705259870245e-05,0.0001200092311672879
V6,-0.4,-0.007979783740302082,-1.2254333364581392e-05,-0.007786549627780914,-0.00419664810469841,-0.0022052126470953224,0.006514180416706947,7.807110055528706e-05,9.543373169745022e-05
V6,-0.39,-0.006103079725289717,0.0014764974010176956,-0.008421273902058601,-0.005675155945027655,0.000692703522508964,0.008842144730806464,7.621608748727391e-05,9.08951847205862e-05
V6,-0.38,-0.004484296192822512,0.002020349260419607,-0.009348577819764614,-0.006493131810566411,0.002963780428399332,0.009935062608565201,7.401787494412364e-05,9.072568883666251e-05
V6,-0.37,-0.0033108136296505107,0.002193014086515177,-0.010862968961009755,-0.007446297223214061,0.006152136772288941,0.012260151910595594,7.324419035761901e-05,8.617666939706462e-05
V6,-0.36,-0.002300824481062591,0.004099556124128863,-0.01060696286149323,-0.007549889152869582,0.006492481799068628,0.01348621507640928,7.565754895574795e-05,9.111000961431855e-05
V6,-0.35,-0.003707893805403728,0.003696726357156868,-0.012028923086472788,-0.008905134111410007,0.006472341174958274,0.014228876466222572,7.450224726303268e-05,8.867134069978493e-05
V6,-0.34,-0.0018778688900056295,0.0044235932000446995,-0.012923903297632933,-0.009554503753315657,0.009078388238776824,0.016131381600280284,7.39508290848206e-05,8.863697323674179e-05
V6,-0.33,-0.0013845447596395387,0.004282608162611723,-0.013067861855961382,-0.010764109669253232,0.010559599242742478,0.01701932001597015,7.016244980407068e-05,8.24891201630411e-05
V6,-0.32,-0.0022074488399084656,0.0028477820887928816,-0.014085199683904648,-0.011242719768779353,0.010081357626768294,0.016123710844840385,6.882290933066377e-05,8.026877366583769e-05
V6,-0.31,-0.0016923103266890394,0.003793417292035883,-0.015503655618522317,-0.01229386606719345,0.011505118809873238,0.018143465057073625,6.641858121000201e-05,7.641365955107309e-05
V6,-0.3,-1.7661992387729656e-05,0.0046488880179822445,-0.015344274032395333,-0.012230776104843244,0.013058218557853251,0.018923061492387205,6.528633619270297e-05,7.42914712615212e-05
V6,-0.29,-0.0014344441296998411,0.0034822611385607154,-0.016375571489334106,-0.013290686969412492,0.01316282410552958,0.018746394751360636,6.28934652347703e-05,7.290802815443668e-05
V6,-0.28,-0.0009645399120927322,0.003633159579476338,-0.015980582684278488,-0.013260488980449736,0.01292294448649045,0.018604197038803245,6.0884450429940256e-05,7.022949453794481e-05
V6,-0.27,-0.0004935431279591284,0.0041031434666365385,-0.017849544482305645,-0.014564340451033787,0.015089229770819657,0.02123169051046716,5.899849287246555e-05,6.865716385102799e-05
V6,-0.26,-0.00024788723203528196,0.00384211482014507,-0.017142267769668252,-0.014036467764526606,0.014828566043070169,0.019959353178273884,5.774621166501564e-05,6.785938543255709e-05
V6,-0.25,-0.002052058628760278,0.002897461096290497,-0.017995499074459076,-0.014407093205954883,0.013148341347732639,0.01946557737937837,5.562577260572002e-05,6.653136390971954e-05
V6,-0.24,-0.0013706375611945987,0.0028781911401893003,-0.016881903214380146,-0.013959271251223981,0.013882717693923042,0.018632733992126303,5.5570162613187135e-05,6.67933732652654e-05
V6,-0.23,-0.0015186918215476907,0.0037584900041110797,-0.01635122556472197,-0.013823383522685619,0.013020360964583233,0.019255511730443684,5.3340219439924776e-05,6.158942083577218e-05
V6,-0.22,-0.001610998443356948,0.003961226902902126,-0.016132872842717916,-0.01231807483127341,0.011558843872626312,0.018479467452561946,5.377673064951153e-05,6.142646146718492e-05
V6,-0.21,-0.0015700533826020547,0.004858943240833469,-0.015225635305978358,-0.011520934058353307,0.01096310188586358,0.018703114309755617,5.398939832747805e-05,6.106058864097654e-05
V6,-0.2,-0.0009168853866867721,0.005181327165337267,-0.01280434993095696,-0.00933187851915136,0.009772467247398709,0.016604909145826234,5.323206117994153e-05,6.102506878266711e-05
V6,-0.19,-0.0004363271515103406,0.005031834091641938,-0.010706012591253967,-0.00653475197032094,0.007437492249300704,0.014481392691959619,5.152686627132608e-05,5.8879277984532735e-05
V6,-0.18,0.00023625385802006354,0.007537342747673383,-0.004892771632876247,-0.00019374991388758668,0.0017841422073161084,0.009831981189927319,5.2113881016064045e-05,5.935323797717233e-05
V6,-0.17,0.0011833692842628811,0.008145890198647976,-0.0007044664773275144,0.0052030670698513855,-0.0021027662805863656,0.007450674989377149,5.195414550909572e-05,5.95441766736817e-05
V6,-0.16,0.0018493894938728772,0.008373124350327998,0.003025126376132903,0.009289272368187084,-0.005301302755106008,0.003197026897396425,5.167102260866306e-05,5.900965740870082e-05
V6,-0.15,0.0012626259936951102,0.008633104074397125,0.006295598024735227,0.012041468033567067,-0.009386449269368314,-0.00015310153248719978,4.897753019344415e-05,5.6910617526583704e-05
V6,-0.14,-0.00011201237794011831,0.006643242607242423,0.006784333754330874,0.013262638356536627,-0.011527144650244736,-0.0019580384352593685,4.9811027816412376e-05,5.672669581674841e-05
V6,-0.13,-0.0007506745168939233,0.00596291756955906,0.0015790254110470414,0.008428788697347044,-0.006757476064012735,0.0019445531492237925,4.7658346887559554e-05,5.564337431309866e-05
V6,-0.12,-0.00507188805640908,0.0014255723217502236,-0.005094811646267771,0.0009119532231125037,-0.0044805030529460055,0.004637924522103275,4.603516469899259e-05,5.3115649613802206e-05
V6,-0.11,-0.007768477729405277,-0.000586694004596211,-0.015545457178268407,-0.009050889810896481,0.0030643812509424605,0.012706832218282215,4.25068245746257e-05,4.8957340062317206e-05
V6,-0.1,-0.009652901766821742,-0.0028281327773584065,-0.02190750357694924,-0.01877665240317583,0.010460099286865443,0.017872276360867544,4.194095771813168e-05,4.778633666640854e-05
V6,-0.09,-0.013528180308640003,-0.005070615094155073,-0.029298806563019753,-0.025600945670157672,0.013604296499397605,0.023214190977159883,4.023287067692809e-05,4.748309732388512e-05
V6,-0.08,-0.014174756547436117,-0.0067309158723219365,-0.03343886509537697,-0.02960675039794296,0.01715591746615246,0.025208790448959916,4.297715020998092e-05,5.479365378656892e-05
V6,-0.07,-0.01934659671387635,-0.012739478144794703,-0.03744335640221834,-0.03455801522359252,0.016153387003578247,0.023303286422742524,4.336491701878225e-05,5.351014079188202e-05
V6,-0.06,-0.019620401691645382,-0.013433339074254036,-0.0377832037396729,-0.03474171478301287,0.015575503930449486,0.023655361868441104,5.1538433981731235e-05,6.558294894819756e-05
V6,-0.05,-0.018553314683958887,-0.008820829220348972,-0.037876684218645096,-0.03361315280199051,0.016834370048309212,0.02781163086183369,7.098859625319334e-05,9.507488028331409e-05
V6,-0.04,-0.01210396235983353,-0.0009304976338171457,-0.04011610089801252,-0.03465606356039643,0.024585230631055312,0.03775215686619048,0.0001049777745266022,0.00014065312772887955
V6,-0.03,-0.01863647571299225,0.0029567182646132984,-0.05395475733093917,-0.04557924959808588,0.0300558278337121,0.05304595778579824,0.0001478794392921328,0.00021191032898562696
V6,-0.02,0.03503704443573952,0.07841312140226364,0.03604935258626938,0.05881917560473084,-0.01619237044942565,0.033676435076631595,0.0001890581998878178,0.000257141830443879
V6,-0.01,0.17146043814718723,0.24289456009864807,0.38588137179613113,0.43216511607170105,-0.24651023745536804,-0.15445102369412783,0.0003119220440134951,0.0003859858115728501
V6,0.0,0.2514684768393636,0.4021909683942795,0.7390037775039673,0.8092479705810547,-0.535342475771904,-0.35730393007397654,0.00046718642780683355,0.0005785895635716182
V6,0.01,0.07365436232648791,0.18803764376789325,0.37245112657546997,0.44015802145004274,-0.3368694793432951,-0.19603430628776553,0.00024255395009827098,0.00030015950543765715
V6,0.02,-0.06623128154315054,-0.028919161553494634,-0.021159604459535332,0.012268595608475152,-0.06439567939378321,-0.01886493056081236,0.0001242010217521289,0.0001550637804510587
V6,0.03,-0.06654638051986694,-0.04350562468171121,-0.05032487651333213,-0.03393629029160366,-0.026197254518046977,0.002493004640564316,8.272457835288601e-05,0.00010562537896005166
V6,0.04,-0.06424498558044434,-0.0502641536295414,-0.046398721635341644,-0.03997925273142756,-0.0211546981241554,-0.005254244990646842,6.089543253075243e-05,7.75952144491436e-05
V6,0.05,-0.05847519519738853,-0.04563140978571028,-0.04037937438115478,-0.03528265282511711,-0.021308253053575754,-0.0073401785455644315,5.2879114288287696e-05,6.231392238991625e-05
V6,0.06,-0.054319574125111104,-0.042684778850525615,-0.04360000328160822,-0.03931447409559041,-0.013871682062745094,0.00016007018275558774,4.177543187888235e-05,4.9715059367073934e-05
V6,0.07,-0.04556705472059548,-0.03723307978361845,-0.039482562942430376,-0.03420879826880992,-0.00930682485923171,0.0006445217877626414,4.260066646344744e-05,5.0256443214347135e-05
V6,0.08,-0.04599783802405,-0.0363699582987465,-0.03990930253639817,-0.03627915566321462,-0.008498809393495321,0.0024534145020879794,4.0412249204735805e-05,4.736575373522263e-05
V6,0.09,-0.0396087386412546,-0.032316453370731336,-0.037034562509506944,-0.030924597289413214,-0.007921620144043118,0.0024108117446303297,4.428583282165299e-05,5.131088886124627e-05
V6,0.1,-0.03979822238907218,-0.030128833593335003,-0.037369338457938286,-0.03001014795154333,-0.006767555081751198,0.004993492772337047,4.0474438465975115e-05,4.630718424997889e-05
V6,0.11,-0.03849203512072563,-0.02858936134725809,-0.03155593737028539,-0.024679528386332094,-0.010561049124225974,0.00189319389173761,4.426873266535969e-05,5.164182130664948e-05
V6,0.12,-0.0365395033499226,-0.025789076322689664,-0.029640236310660838,-0.023081982810981574,-0.011052594939246773,0.0021077017998322838,4.2056680116694684e-05,4.7831338121793974e-05
V6,0.13,-0.031952155753970146,-0.021211225539445877,-0.024493870325386524,-0.01943764586467296,-0.010814900265540928,0.001093751279404376,4.585306951836582e-05,5.204747994224847e-05
V6,0.14,-0.03109430056065321,-0.019626933010295035,-0.021896951470989735,-0.015405841876054184,-0.012329292431240901,0.0006676168355625096,4.782815705627718e-05,5.5550729552080025e-05
V6,0.15,-0.02941715610213578,-0.017125167814083398,-0.016754331323318182,-0.00890014141332359,-0.016503784991800784,-0.002422617195406929,5.29005567671706e-05,6.082573805874165e-05
V6,0.16,-0.025034112797584385,-0.012849422229919584,-0.009698096691863611,-0.0032459006666613276,-0.01789345711003989,-0.004551789414836094,5.6412330214897453e-05,6.578935272587264e-05
V6,0.17,-0.020484002772718668,-0.0054339209105819485,-0.001088616128254216,0.006656238227151334,-0.024432219401933252,-0.0065696000991465565,6.241649813804796e-05,7.296978804617528e-05
V6,0.18,-0.017387535981833936,-0.0014262392651289701,0.006434078089660034,0.016404114034958183,-0.031228753173490987,-0.010674721014947866,6.65203923974876e-05,7.834928217205917e-05
V6,0.19,-0.010165834389044903,0.00545869690249672,0.017935638851486146,0.02600614537950605,-0.033019227758632044,-0.014590398641303183,7.50458743837082e-05,9.049135354209832e-05
V6,0.2,-0.002864717782358639,0.017450052872300146,0.030105085344985127,0.03990192944183946,-0.03951265373325441,-0.01640290685463697,7.839973633609912e-05,9.563559906843142e-05
V6,0.21,0.004898709565168247,0.023297164449468243,0.043553767492994666,0.05555721847340464,-0.04557549356250092,-0.023484707705210904,8.511569062768307e-05,0.00010506837393700913
V6,0.22,0.013181197526864709,0.029923961567692458,0.055889196880161765,0.06818488519638777,-0.05079001439735294,-0.029867602197919046,8.385356229407789e-05,0.00010086941635387117
V6,0.23,0.017445248225703834,0.03350483615649864,0.06826644390821457,0.0813573356717825,-0.060186117503326385,-0.03801068995380774,8.889045950908004e-05,0.00010540085920492504
V6,0.24,0.020180829253513367,0.03589713077526538,0.07445641607046127,0.08785270899534225,-0.06423867389094085,-0.0442402960616164,8.951738098291643e-05,0.00010721463167689874
V6,0.25,0.017089218320325016,0.03255593564826994,0.07883915267884731,0.09247602205723524,-0.07061123595340177,-0.048761093383654974,9.093050649203806e-05,0.00010863335233903938
V6,0.26,0.018438813742250204,0.028881160251330574,0.07713298127055168,0.09128039777278898,-0.06972749854394351,-0.052044025645591324,8.856285064292761e-05,0.00010710561413554205
V6,0.27,0.01897664414718747,0.029457349330186844,0.07057680562138557,0.08419973403215408,-0.06249604823533446,-0.04600199458072894,8.762263693432814e-05,0.00010538525142811719
V6,0.28,0.016253638546913862,0.02523437734926119,0.05869211070239544,0.07127555459737778,-0.052248604374472055,-0.03682287186384202,8.361466904431426e-05,9.950662988803284e-05
V6,0.29,0.014913253020495176,0.023764966486487536,0.045100298232864586,0.0588487041182816,-0.04149550055153668,-0.024851656556711534,8.467636960333688e-05,0.00010164903591851162
V6,0.3,0.013758277520537376,0.023769759025890378,0.031070280203130095,0.0411092919530347,-0.025107335578650237,-0.010434318636544053,8.389077014705257e-05,0.00010239037588564273
V6,0.31,0.013623750279657542,0.020732321107061576,0.01940011978149414,0.027181322954129408,-0.010241124471940566,0.0002950658672489185,8.189913346750976e-05,0.0001032741167614007
V6,0.32,0.01042420812882483,0.01955872674006968,0.008834815584123135,0.01769535555504261,-0.003994943131692708,0.008504912082571536,7.850673318315751e-05,9.91250626554226e-05
V6,0.33,0.007337823510169983,0.016912165761459614,0.001092582824639976,0.008039667317643754,0.0017197089218825568,0.013441993978631214,7.691727997803679e-05,9.626910764477398e-05
V6,0.34,0.007168665062636137,0.014458140253555024,-0.003011101000447525,0.0016671039815264516,0.007346086334655411,0.01480226255953312,7.427776611738815e-05,9.691180840128121e-05
V6,0.35,0.004310577533397008,0.011726950548472814,-0.005628989631077275,-0.0015653687296435237,0.0069820936405449174,0.015903918517869892,7.273307434782858e-05,9.090391970864573e-05
V6,0.36,0.0017807357726269402,0.01115967775695026,-0.007403816038277,-0.004165477969218046,0.007356764114956604,0.01754786031669937,6.620169706365465e-05,8.241476005776273e-05
V6,0.37,0.0006861104696326947,0.008281820174306623,-0.009157937549753114,-0.005555024137720466,0.008154585145530292,0.01625614706499618,6.363824214507496e-05,7.96211004551116e-05
V6,0.38,0.0014041087342775431,0.008697020541876545,-0.010329723390168511,-0.007253581340773963,0.009452734871683788,0.016824543906841426,6.34212555673903e-05,7.862550757696299e-05
V6,0.39,0.0008917571132769811,0.00777933094650507,-0.010365106991957872,-0.007458497109473683,0.009363162167574046,0.01694501947495155,5.958614273557393e-05,7.297823366628386e-05
V6,0.4,-0.00041922321724996436,0.006864160449185874,-0.010929178533842787,-0.008099765377119187,0.008893685901421122,0.017016653128666803,6.11293934452528e-05,8.087839295490845e-05
V6,0.41,-0.001376633998006582,0.00664260471239686,-0.01167626124806702,-0.00805490214843303,0.008171492995825248,0.016567461570957672,6.535358401316459e-05,8.35540968823959e-05
V6,0.42,-0.0012958626328327227,0.0052982988825533515,-0.011351297609508038,-0.008644786244258289,0.008775071337004193,0.015966307745838994,6.522880030277451e-05,8.299697311144725e-05
V6,0.43,-0.001835347036831081,0.0048089166055433445,-0.010529856313951313,-0.007743952387681929,0.007113566796761006,0.014454534061951562,6.610727520409285e-05,7.752447016414636e-05
V6,0.44,-0.002939303405582905,0.004023627586138899,-0.011177370534278452,-0.008113854136900045,0.006057285575661808,0.01413070669514127,6.656925254452832e-05,8.093943161093504e-05
V6,0.45,-0.004494334272749256,0.0023728266241960227,-0.0109192644857103,-0.007166991475969553,0.003976020422851434,0.01170290676745935,6.811027261905329e-05,9.001589509210749e-05
V6,0.46,-0.004390977788716555,0.001370178011711686,-0.01124690187862143,-0.00790078192949295,0.004741318884771317,0.011983439180767162,6.451482952111174e-05,8.154210186485124e-05
V6,0.47,-0.005429228651337326,-0.0003333254505378137,-0.012066061521181837,-0.00828223954886198,0.003981707562343217,0.010827925938792757,6.910050982592535e-05,9.103810137061861e-05
V6,0.48,-0.006850000470876694,0.0020887458606011866,-0.01087786816060543,-0.007510337044368499,0.0022217758873011918,0.011443663499085231,6.982872742469831e-05,9.776088458092068e-05
V6,0.49,-0.005879223032388836,0.0015398060306324596,-0.0114751229993999,-0.008167749224594446,0.003424160342547111,0.011875888380018292,7.109992631437708e-05,9.556469746398455e-05
V6,0.5,-0.006109704729169607,0.0011661168711725616,-0.012236579321324825,-0.008567281404975802,0.0031442150313523596,0.010930033979821016,7.061728331669689e-05,8.569904043028116e-05
V6,0.51,-0.007530625871731899,-0.000635835895081982,-0.011774413147941231,-0.008451095025520773,0.00222858838387765,0.010145904216187772,7.373025068703005e-05,9.247234126357842e-05
V6,0.52,-0.009189724922180176,-0.0021201929910603223,-0.013075491710333153,-0.009540486562764273,0.0014569233942893333,0.009895341891387936,7.644908628030977e-05,0.00010358785933404332
V6,0.53,-0.00977586411172524,-0.0022085113174398455,-0.01347087137401104,-0.009949975181370974,0.0018424235167913139,0.010452813989832065,7.622212497941533e-05,9.668300275040512e-05
V6,0.54,-0.00822567023569718,-0.002612878032960003,-0.014931912865722551,-0.01060702642425895,0.00359772092779167,0.011016379576176401,8.164750108948944e-05,0.00010692208731976313
V6,0.55,-0.010779030920821242,-0.0020210020848026038,-0.016047245683148505,-0.011535651143640281,0.0025987844746850897,0.01281357237650127,7.991768529244231e-05,0.00010342832000929424
V6,0.56,-0.009826361783780158,-0.0023245741453138185,-0.017016407643677667,-0.012440428129048086,0.004877829727411154,0.013573202343104638,8.24243576741395e-05,0.00010230476553693209
V6,0.57,-0.0095524840609869,-0.0002252467069411073,-0.016657810914330183,-0.01244905749335885,0.004587939393240958,0.01504636430108803,7.560694246093652e-05,9.442409937835943e-05
V6,0.58,-0.009165014745667577,-0.0012284636221011184,-0.016913759568706156,-0.013405728898942471,0.005792555498192087,0.014549239020561797,7.888199818719573e-05,9.708967109393535e-05
V6,0.59,-0.011800899647641926,-0.0048211996509053305,-0.01717981230467558,-0.014043282717466354,0.003652113303542137,0.01055975313938688,7.546979458973675e-05,9.235005566095766e-05
